CTD,20011220WHPOSIOKJU
#Software Version: CTD_Exchange_Encode_v1.0f (Diggs)
#SUMFILE_NAME:     a16ssu.txt
#SUMFILE_MOD_DATE: Thu Dec 20 10:42:40 2001
#CTDFILE_NAME:     A16S0304.WCT
#CTDFILE_MOD_DATE: Thu Dec 20 10:43:17 2001
#DEPTH_TYPE      : COR
#EVENT_CODE      : BO
NUMBER_HEADERS = 10
EXPOCODE = 318MSAVE5
SECT = A16S
STNNBR =   304
CASTNO =     1
DATE = 19890302
TIME =  0732
LATITUDE =  -32.2900
LONGITUDE =  -41.8983
DEPTH =  3788
CTDPRS,CTDPRS_FLAG_W,CTDTMP,CTDTMP_FLAG_W,CTDSAL,CTDSAL_FLAG_W,CTDOXY,CTDOXY_FLAG_W,
DBAR,,IPTS-90,,PSS-78,,ML/L,,
      0.0,2,  23.7948,2,  36.1632,2,      4.9,2
      2.0,2,  23.8008,2,  36.1621,2,      4.9,2
      4.0,2,  23.8068,2,  36.1610,2,      4.9,2
      6.0,2,  23.8107,2,  36.1611,2,      5.1,2
      8.0,2,  23.8123,2,  36.1612,2,      5.0,2
     10.0,2,  23.8155,2,  36.1608,2,      5.0,2
     12.0,2,  23.8156,2,  36.1610,2,      5.0,2
     14.0,2,  23.8154,2,  36.1607,2,      4.9,2
     16.0,2,  23.8159,2,  36.1612,2,      5.0,2
     18.0,2,  23.8152,2,  36.1610,2,      5.0,2
     20.0,2,  23.8165,2,  36.1610,2,      5.0,2
     22.0,2,  23.8171,2,  36.1612,2,      5.1,2
     24.0,2,  23.8164,2,  36.1612,2,      4.8,2
     26.0,2,  23.8169,2,  36.1610,2,      4.8,2
     28.0,2,  23.8167,2,  36.1616,2,      5.0,2
     30.0,2,  23.8150,2,  36.1621,2,      4.8,2
     32.0,2,  23.8151,2,  36.1623,2,      4.9,2
     34.0,2,  23.8053,2,  36.1650,2,      5.0,2
     36.0,2,  23.7387,2,  36.1731,2,      5.0,2
     38.0,2,  23.5540,2,  36.1827,2,      5.0,2
     40.0,2,  23.3570,2,  36.1796,2,      5.1,2
     42.0,2,  23.1682,2,  36.1723,2,      5.2,2
     44.0,2,  23.1019,2,  36.1872,2,      5.2,2
     46.0,2,  22.3456,2,  36.1962,2,      5.2,2
     48.0,2,  21.5248,2,  36.1775,2,      5.4,2
     50.0,2,  21.1213,2,  36.1670,2,      5.6,2
     52.0,2,  20.9351,2,  36.1663,2,      5.5,2
     54.0,2,  20.0341,2,  36.1115,2,      5.4,2
     56.0,2,  19.5399,2,  36.0541,2,      5.5,2
     58.0,2,  19.5389,2,  36.0501,2,      5.6,2
     60.0,2,  19.2281,2,  36.0770,2,      5.4,2
     62.0,2,  18.9353,2,  36.0459,2,      5.5,2
     64.0,2,  18.7989,2,  36.0562,2,      5.5,2
     66.0,2,  18.6603,2,  36.0351,2,      5.4,2
     68.0,2,  18.5537,2,  36.0117,2,      5.3,2
     70.0,2,  18.3081,2,  36.0180,2,      5.2,2
     72.0,2,  18.1620,2,  35.9717,2,      5.3,2
     74.0,2,  18.1910,2,  35.9903,2,      5.4,2
     76.0,2,  17.9592,2,  35.9792,2,      5.2,2
     78.0,2,  17.7041,2,  35.9649,2,      5.3,2
     80.0,2,  17.5820,2,  35.9403,2,      5.2,2
     82.0,2,  17.4250,2,  35.9260,2,      5.0,2
     84.0,2,  17.3236,2,  35.9132,2,      5.0,2
     86.0,2,  17.3000,2,  35.9029,2,      5.1,2
     88.0,2,  17.1438,2,  35.8986,2,      5.0,2
     90.0,2,  17.1222,2,  35.8937,2,      5.1,2
     92.0,2,  17.0843,2,  35.8897,2,      5.1,2
     94.0,2,  17.0034,2,  35.8807,2,      5.0,2
     96.0,2,  16.8648,2,  35.8564,2,      5.0,2
     98.0,2,  16.7932,2,  35.8369,2,      5.1,2
    100.0,2,  16.6575,2,  35.8169,2,      5.0,2
    102.0,2,  16.5617,2,  35.8046,2,      5.0,2
    104.0,2,  16.4828,2,  35.7927,2,      5.1,2
    106.0,2,  16.4500,2,  35.7859,2,      5.1,2
    108.0,2,  16.4240,2,  35.7843,2,      5.0,2
    110.0,2,  16.3946,2,  35.7815,2,      5.0,2
    112.0,2,  16.3456,2,  35.7819,2,      5.0,2
    114.0,2,  16.3172,2,  35.7770,2,      5.0,2
    116.0,2,  16.2937,2,  35.7728,2,      5.0,2
    118.0,2,  16.2648,2,  35.7702,2,      4.9,2
    120.0,2,  16.2125,2,  35.7612,2,      5.0,2
    122.0,2,  16.1614,2,  35.7516,2,      5.1,2
    124.0,2,  16.1430,2,  35.7508,2,      5.0,2
    126.0,2,  16.1310,2,  35.7501,2,      5.1,2
    128.0,2,  16.1026,2,  35.7485,2,      5.0,2
    130.0,2,  16.0975,2,  35.7501,2,      5.1,2
    132.0,2,  16.0805,2,  35.7509,2,      5.0,2
    134.0,2,  16.0572,2,  35.7501,2,      5.1,2
    136.0,2,  16.0689,2,  35.7545,2,      5.1,2
    138.0,2,  16.0991,2,  35.7700,2,      5.0,2
    140.0,2,  16.0991,2,  35.7755,2,      5.1,2
    142.0,2,  16.0939,2,  35.7732,2,      5.2,2
    144.0,2,  16.0617,2,  35.7730,2,      5.0,2
    146.0,2,  16.0304,2,  35.7688,2,      5.0,2
    148.0,2,  16.0311,2,  35.7684,2,      5.2,2
    150.0,2,  15.9845,2,  35.7646,2,      5.1,2
    152.0,2,  15.9718,2,  35.7615,2,      5.1,2
    154.0,2,  15.9627,2,  35.7609,2,      5.1,2
    156.0,2,  15.9414,2,  35.7578,2,      5.2,2
    158.0,2,  15.8836,2,  35.7485,2,      5.2,2
    160.0,2,  15.8050,2,  35.7309,2,      5.1,2
    162.0,2,  15.7752,2,  35.7244,2,      5.1,2
    164.0,2,  15.7585,2,  35.7204,2,      5.2,2
    166.0,2,  15.7279,2,  35.7170,2,      5.2,2
    168.0,2,  15.6768,2,  35.7051,2,      5.1,2
    170.0,2,  15.6428,2,  35.6966,2,      5.1,2
    172.0,2,  15.6136,2,  35.6921,2,      5.2,2
    174.0,2,  15.5655,2,  35.6828,2,      5.1,2
    176.0,2,  15.5635,2,  35.6778,2,      5.1,2
    178.0,2,  15.5308,2,  35.6738,2,      5.2,2
    180.0,2,  15.5511,2,  35.6806,2,      5.2,2
    182.0,2,  15.5099,2,  35.6738,2,      5.0,2
    184.0,2,  15.4931,2,  35.6762,2,      5.2,2
    186.0,2,  15.4758,2,  35.6740,2,      5.1,2
    188.0,2,  15.4724,2,  35.6742,2,      5.2,2
    190.0,2,  15.4639,2,  35.6740,2,      5.1,2
    192.0,2,  15.4549,2,  35.6736,2,      5.1,2
    194.0,2,  15.4553,2,  35.6739,2,      5.2,2
    196.0,2,  15.4349,2,  35.6743,2,      5.1,2
    198.0,2,  15.4049,2,  35.6710,2,      5.1,2
    200.0,2,  15.4081,2,  35.6661,2,      5.2,2
    202.0,2,  15.3934,2,  35.6649,2,      5.2,2
    204.0,2,  15.3758,2,  35.6648,2,      5.2,2
    206.0,2,  15.3588,2,  35.6618,2,      5.2,2
    208.0,2,  15.3161,2,  35.6538,2,      5.1,2
    210.0,2,  15.2742,2,  35.6447,2,      5.2,2
    212.0,2,  15.2545,2,  35.6418,2,      5.2,2
    214.0,2,  15.1930,2,  35.6313,2,      5.1,2
    216.0,2,  15.1768,2,  35.6263,2,      5.1,2
    218.0,2,  15.1726,2,  35.6268,2,      5.2,2
    220.0,2,  15.1624,2,  35.6273,2,      5.2,2
    222.0,2,  15.1394,2,  35.6231,2,      5.1,2
    224.0,2,  15.1384,2,  35.6227,2,      5.2,2
    226.0,2,  15.1403,2,  35.6241,2,      5.3,2
    228.0,2,  15.1167,2,  35.6220,2,      5.2,2
    230.0,2,  15.0910,2,  35.6187,2,      5.2,2
    232.0,2,  15.0679,2,  35.6139,2,      5.3,2
    234.0,2,  15.0556,2,  35.6126,2,      5.2,2
    236.0,2,  15.0105,2,  35.6044,2,      5.2,2
    238.0,2,  14.9382,2,  35.5891,2,      5.2,2
    240.0,2,  14.9161,2,  35.5856,2,      5.2,2
    242.0,2,  14.8982,2,  35.5830,2,      5.2,2
    244.0,2,  14.8649,2,  35.5783,2,      5.1,2
    246.0,2,  14.8580,2,  35.5758,2,      5.2,2
    248.0,2,  14.8472,2,  35.5758,2,      5.2,2
    250.0,2,  14.8361,2,  35.5758,2,      5.2,2
    252.0,2,  14.8115,2,  35.5728,2,      5.2,2
    254.0,2,  14.8063,2,  35.5745,2,      5.3,2
    256.0,2,  14.7917,2,  35.5733,2,      5.2,2
    258.0,2,  14.7763,2,  35.5712,2,      5.1,2
    260.0,2,  14.7550,2,  35.5682,2,      5.3,2
    262.0,2,  14.6935,2,  35.5598,2,      5.2,2
    264.0,2,  14.6643,2,  35.5551,2,      5.2,2
    266.0,2,  14.6328,2,  35.5502,2,      5.3,2
    268.0,2,  14.6406,2,  35.5533,2,      5.3,2
    270.0,2,  14.5857,2,  35.5452,2,      5.1,2
    272.0,2,  14.5737,2,  35.5431,2,      5.1,2
    274.0,2,  14.5746,2,  35.5429,2,      5.3,2
    276.0,2,  14.5455,2,  35.5400,2,      5.2,2
    278.0,2,  14.5243,2,  35.5372,2,      5.2,2
    280.0,2,  14.5158,2,  35.5366,2,      5.2,2
    282.0,2,  14.5201,2,  35.5382,2,      5.3,2
    284.0,2,  14.4934,2,  35.5341,2,      5.2,2
    286.0,2,  14.4831,2,  35.5335,2,      5.2,2
    288.0,2,  14.4732,2,  35.5327,2,      5.3,2
    290.0,2,  14.4565,2,  35.5317,2,      5.3,2
    292.0,2,  14.4362,2,  35.5280,2,      5.2,2
    294.0,2,  14.4173,2,  35.5272,2,      5.3,2
    296.0,2,  14.4195,2,  35.5258,2,      5.4,2
    298.0,2,  14.3925,2,  35.5232,2,      5.2,2
    300.0,2,  14.3799,2,  35.5238,2,      5.2,2
    302.0,2,  14.3756,2,  35.5244,2,      5.4,2
    304.0,2,  14.3503,2,  35.5224,2,      5.3,2
    306.0,2,  14.3265,2,  35.5189,2,      5.3,2
    308.0,2,  14.3171,2,  35.5169,2,      5.4,2
    310.0,2,  14.2903,2,  35.5144,2,      5.3,2
    312.0,2,  14.2653,2,  35.5112,2,      5.3,2
    314.0,2,  14.2525,2,  35.5092,2,      5.4,2
    316.0,2,  14.2462,2,  35.5082,2,      5.3,2
    318.0,2,  14.2413,2,  35.5107,2,      5.2,2
    320.0,2,  14.2353,2,  35.5124,2,      5.3,2
    322.0,2,  14.2224,2,  35.5115,2,      5.3,2
    324.0,2,  14.2133,2,  35.5099,2,      5.3,2
    326.0,2,  14.2001,2,  35.5090,2,      5.4,2
    328.0,2,  14.1828,2,  35.5063,2,      5.4,2
    330.0,2,  14.1782,2,  35.5050,2,      5.4,2
    332.0,2,  14.1536,2,  35.5028,2,      5.3,2
    334.0,2,  14.1386,2,  35.4975,2,      5.4,2
    336.0,2,  14.1197,2,  35.4930,2,      5.4,2
    338.0,2,  14.1154,2,  35.4919,2,      5.3,2
    340.0,2,  14.0973,2,  35.4914,2,      5.4,2
    342.0,2,  14.0794,2,  35.4875,2,      5.4,2
    344.0,2,  14.0666,2,  35.4837,2,      5.4,2
    346.0,2,  14.0638,2,  35.4838,2,      5.4,2
    348.0,2,  14.0626,2,  35.4834,2,      5.4,2
    350.0,2,  14.0649,2,  35.4840,2,      5.4,2
    352.0,2,  14.0520,2,  35.4835,2,      5.3,2
    354.0,2,  14.0471,2,  35.4828,2,      5.4,2
    356.0,2,  14.0453,2,  35.4827,2,      5.4,2
    358.0,2,  14.0407,2,  35.4831,2,      5.4,2
    360.0,2,  14.0326,2,  35.4819,2,      5.4,2
    362.0,2,  14.0210,2,  35.4820,2,      5.4,2
    364.0,2,  13.9944,2,  35.4780,2,      5.4,2
    366.0,2,  13.9632,2,  35.4723,2,      5.4,2
    368.0,2,  13.9448,2,  35.4696,2,      5.5,2
    370.0,2,  13.9288,2,  35.4655,2,      5.4,2
    372.0,2,  13.9288,2,  35.4664,2,      5.5,2
    374.0,2,  13.8291,2,  35.4500,2,      5.4,2
    376.0,2,  13.7703,2,  35.4342,2,      5.3,2
    378.0,2,  13.7489,2,  35.4314,2,      5.4,2
    380.0,2,  13.6816,2,  35.4160,2,      5.4,2
    382.0,2,  13.6325,2,  35.4089,2,      5.4,2
    384.0,2,  13.5476,2,  35.3923,2,      5.3,2
    386.0,2,  13.5384,2,  35.3890,2,      5.4,2
    388.0,2,  13.4591,2,  35.3704,2,      5.3,2
    390.0,2,  13.4248,2,  35.3655,2,      5.4,2
    392.0,2,  13.2923,2,  35.3394,2,      5.3,2
    394.0,2,  13.2883,2,  35.3348,2,      5.3,2
    396.0,2,  13.2880,2,  35.3353,2,      5.3,2
    398.0,2,  13.2871,2,  35.3350,2,      5.3,2
    400.0,2,  13.2867,2,  35.3347,2,      5.3,2
    402.0,2,  13.2831,2,  35.3340,2,      5.3,2
    404.0,2,  13.2237,2,  35.3276,2,      5.2,2
    406.0,2,  13.0711,2,  35.2988,2,      5.3,2
    408.0,2,  13.1337,2,  35.3056,2,      5.3,2
    410.0,2,  13.0024,2,  35.2836,2,      5.2,2
    412.0,2,  12.9144,2,  35.2641,2,      5.2,2
    414.0,2,  12.8636,2,  35.2540,2,      5.2,2
    416.0,2,  12.8493,2,  35.2523,2,      5.2,2
    418.0,2,  12.7997,2,  35.2453,2,      5.2,2
    420.0,2,  12.7435,2,  35.2356,2,      5.2,2
    422.0,2,  12.7196,2,  35.2294,2,      5.2,2
    424.0,2,  12.6055,2,  35.2142,2,      5.2,2
    426.0,2,  12.4936,2,  35.1893,2,      5.1,2
    428.0,2,  12.4740,2,  35.1829,2,      5.2,2
    430.0,2,  12.4627,2,  35.1838,2,      5.1,2
    432.0,2,  12.3876,2,  35.1708,2,      5.0,2
    434.0,2,  12.3352,2,  35.1578,2,      5.1,2
    436.0,2,  12.2904,2,  35.1487,2,      5.1,2
    438.0,2,  12.2305,2,  35.1384,2,      5.0,2
    440.0,2,  12.2016,2,  35.1311,2,      5.0,2
    442.0,2,  12.2073,2,  35.1326,2,      5.1,2
    444.0,2,  12.1345,2,  35.1231,2,      5.0,2
    446.0,2,  12.0631,2,  35.1100,2,      5.0,2
    448.0,2,  12.0061,2,  35.0957,2,      5.0,2
    450.0,2,  11.9805,2,  35.0922,2,      5.0,2
    452.0,2,  11.9042,2,  35.0805,2,      5.0,2
    454.0,2,  11.8590,2,  35.0723,2,      4.9,2
    456.0,2,  11.8262,2,  35.0672,2,      4.9,2
    458.0,2,  11.7618,2,  35.0572,2,      5.0,2
    460.0,2,  11.7171,2,  35.0478,2,      5.1,2
    462.0,2,  11.6912,2,  35.0454,2,      5.0,2
    464.0,2,  11.6645,2,  35.0416,2,      4.9,2
    466.0,2,  11.6235,2,  35.0341,2,      5.0,2
    468.0,2,  11.5792,2,  35.0289,2,      5.0,2
    470.0,2,  11.5079,2,  35.0182,2,      5.0,2
    472.0,2,  11.4134,2,  35.0045,2,      5.0,2
    474.0,2,  11.3264,2,  34.9889,2,      5.0,2
    476.0,2,  11.2616,2,  34.9792,2,      5.1,2
    478.0,2,  11.1673,2,  34.9639,2,      5.0,2
    480.0,2,  11.1324,2,  34.9588,2,      5.0,2
    482.0,2,  11.0494,2,  34.9457,2,      5.0,2
    484.0,2,  11.0301,2,  34.9407,2,      5.0,2
    486.0,2,  10.9823,2,  34.9357,2,      5.0,2
    488.0,2,  10.9337,2,  34.9291,2,      5.0,2
    490.0,2,  10.8780,2,  34.9219,2,      4.9,2
    492.0,2,  10.7936,2,  34.9117,2,      5.0,2
    494.0,2,  10.7166,2,  34.8992,2,      4.9,2
    496.0,2,  10.6691,2,  34.8949,2,      4.9,2
    498.0,2,  10.6373,2,  34.8893,2,      4.9,2
    500.0,2,  10.4980,2,  34.8664,2,      5.0,2
    502.0,2,  10.3317,2,  34.8459,2,      5.0,2
    504.0,2,  10.2884,2,  34.8392,2,      4.9,2
    506.0,2,  10.2638,2,  34.8343,2,      4.9,2
    508.0,2,  10.2158,2,  34.8301,2,      5.0,2
    510.0,2,  10.1636,2,  34.8293,2,      5.0,2
    512.0,2,  10.0639,2,  34.8044,2,      4.9,2
    514.0,2,  10.0119,2,  34.7969,2,      4.9,2
    516.0,2,   9.9320,2,  34.7857,2,      4.9,2
    518.0,2,  10.0028,2,  34.7946,2,      5.1,2
    520.0,2,   9.8750,2,  34.7848,2,      5.0,2
    522.0,2,   9.7897,2,  34.7699,2,      5.0,2
    524.0,2,   9.6172,2,  34.7492,2,      5.0,2
    526.0,2,   9.5814,2,  34.7338,2,      5.1,2
    528.0,2,   9.4455,2,  34.7242,2,      5.1,2
    530.0,2,   9.3750,2,  34.7053,2,      5.1,2
    532.0,2,   9.2983,2,  34.6978,2,      5.1,2
    534.0,2,   9.2462,2,  34.6877,2,      5.1,2
    536.0,2,   9.2131,2,  34.6839,2,      5.1,2
    538.0,2,   9.1501,2,  34.6772,2,      5.2,2
    540.0,2,   9.0248,2,  34.6626,2,      5.2,2
    542.0,2,   8.9565,2,  34.6456,2,      5.2,2
    544.0,2,   8.9448,2,  34.6422,2,      5.3,2
    546.0,2,   8.9114,2,  34.6393,2,      5.2,2
    548.0,2,   8.8344,2,  34.6318,2,      5.2,2
    550.0,2,   8.7430,2,  34.6249,2,      5.2,2
    552.0,2,   8.6433,2,  34.6081,2,      5.2,2
    554.0,2,   8.5586,2,  34.5943,2,      5.3,2
    556.0,2,   8.4400,2,  34.5826,2,      5.4,2
    558.0,2,   8.3908,2,  34.5758,2,      5.3,2
    560.0,2,   8.3001,2,  34.5694,2,      5.3,2
    562.0,2,   8.2289,2,  34.5598,2,      5.3,2
    564.0,2,   8.1585,2,  34.5547,2,      5.3,2
    566.0,2,   8.1390,2,  34.5500,2,      5.3,2
    568.0,2,   8.0990,2,  34.5485,2,      5.3,2
    570.0,2,   8.0474,2,  34.5397,2,      5.3,2
    572.0,2,   8.0090,2,  34.5347,2,      5.4,2
    574.0,2,   7.9344,2,  34.5261,2,      5.3,2
    576.0,2,   7.8674,2,  34.5215,2,      5.4,2
    578.0,2,   7.7914,2,  34.5098,2,      5.3,2
    580.0,2,   7.7796,2,  34.5060,2,      5.3,2
    582.0,2,   7.7479,2,  34.5051,2,      5.4,2
    584.0,2,   7.6831,2,  34.4949,2,      5.4,2
    586.0,2,   7.6222,2,  34.4888,2,      5.5,2
    588.0,2,   7.5221,2,  34.4828,2,      5.4,2
    590.0,2,   7.4575,2,  34.4745,2,      5.3,2
    592.0,2,   7.4605,2,  34.4706,2,      5.5,2
    594.0,2,   7.3411,2,  34.4725,2,      5.5,2
    596.0,2,   7.2558,2,  34.4507,2,      5.4,2
    598.0,2,   7.2253,2,  34.4466,2,      5.4,2
    600.0,2,   7.2192,2,  34.4508,2,      5.6,2
    602.0,2,   7.1433,2,  34.4403,2,      5.5,2
    604.0,2,   7.1282,2,  34.4343,2,      5.5,2
    606.0,2,   7.0741,2,  34.4356,2,      5.5,2
    608.0,2,   7.0249,2,  34.4294,2,      5.6,2
    610.0,2,   6.9785,2,  34.4240,2,      5.6,2
    612.0,2,   6.9062,2,  34.4238,2,      5.5,2
    614.0,2,   6.8594,2,  34.4182,2,      5.4,2
    616.0,2,   6.8203,2,  34.4124,2,      5.5,2
    618.0,2,   6.8388,2,  34.4167,2,      5.7,2
    620.0,2,   6.8569,2,  34.4167,2,      5.5,2
    622.0,2,   6.8552,2,  34.4273,2,      5.5,2
    624.0,2,   6.8407,2,  34.4265,2,      5.5,2
    626.0,2,   6.7631,2,  34.4210,2,      5.5,2
    628.0,2,   6.7308,2,  34.4142,2,      5.5,2
    630.0,2,   6.6954,2,  34.4113,2,      5.5,2
    632.0,2,   6.6744,2,  34.4066,2,      5.5,2
    634.0,2,   6.6461,2,  34.4038,2,      5.6,2
    636.0,2,   6.5650,2,  34.3957,2,      5.5,2
    638.0,2,   6.5458,2,  34.3899,2,      5.5,2
    640.0,2,   6.5460,2,  34.3933,2,      5.4,2
    642.0,2,   6.5457,2,  34.3955,2,      5.5,2
    644.0,2,   6.5400,2,  34.3955,2,      5.6,2
    646.0,2,   6.5128,2,  34.3957,2,      5.5,2
    648.0,2,   6.4416,2,  34.3946,2,      5.5,2
    650.0,2,   6.4154,2,  34.3857,2,      5.5,2
    652.0,2,   6.3791,2,  34.3822,2,      5.6,2
    654.0,2,   6.3262,2,  34.3821,2,      5.5,2
    656.0,2,   6.2732,2,  34.3749,2,      5.5,2
    658.0,2,   6.2255,2,  34.3711,2,      5.5,2
    660.0,2,   6.2025,2,  34.3653,2,      5.5,2
    662.0,2,   6.1717,2,  34.3627,2,      5.6,2
    664.0,2,   6.1381,2,  34.3615,2,      5.6,2
    666.0,2,   6.0906,2,  34.3564,2,      5.5,2
    668.0,2,   6.0410,2,  34.3504,2,      5.5,2
    670.0,2,   6.0002,2,  34.3459,2,      5.6,2
    672.0,2,   6.0054,2,  34.3451,2,      5.7,2
    674.0,2,   5.9675,2,  34.3457,2,      5.7,2
    676.0,2,   5.9170,2,  34.3420,2,      5.6,2
    678.0,2,   5.8735,2,  34.3353,2,      5.5,2
    680.0,2,   5.8450,2,  34.3330,2,      5.5,2
    682.0,2,   5.8480,2,  34.3354,2,      5.7,2
    684.0,2,   5.8140,2,  34.3323,2,      5.7,2
    686.0,2,   5.7709,2,  34.3284,2,      5.7,2
    688.0,2,   5.7627,2,  34.3287,2,      5.6,2
    690.0,2,   5.7539,2,  34.3284,2,      5.6,2
    692.0,2,   5.7146,2,  34.3280,2,      5.6,2
    694.0,2,   5.7036,2,  34.3247,2,      5.8,2
    696.0,2,   5.6672,2,  34.3242,2,      5.7,2
    698.0,2,   5.6479,2,  34.3193,2,      5.6,2
    700.0,2,   5.6558,2,  34.3209,2,      5.6,2
    702.0,2,   5.6490,2,  34.3227,2,      5.6,2
    704.0,2,   5.6394,2,  34.3233,2,      5.7,2
    706.0,2,   5.5940,2,  34.3268,2,      5.7,2
    708.0,2,   5.5689,2,  34.3191,2,      5.7,2
    710.0,2,   5.5389,2,  34.3157,2,      5.6,2
    712.0,2,   5.5204,2,  34.3133,2,      5.7,2
    714.0,2,   5.5114,2,  34.3120,2,      5.8,2
    716.0,2,   5.4811,2,  34.3110,2,      5.7,2
    718.0,2,   5.4364,2,  34.3084,2,      5.6,2
    720.0,2,   5.4078,2,  34.3030,2,      5.6,2
    722.0,2,   5.3718,2,  34.3004,2,      5.7,2
    724.0,2,   5.3693,2,  34.2994,2,      5.9,2
    726.0,2,   5.3589,2,  34.3006,2,      5.8,2
    728.0,2,   5.3429,2,  34.3001,2,      5.7,2
    730.0,2,   5.3421,2,  34.3004,2,      5.7,2
    732.0,2,   5.3433,2,  34.3017,2,      5.7,2
    734.0,2,   5.3270,2,  34.3009,2,      5.8,2
    736.0,2,   5.3235,2,  34.2991,2,      5.7,2
    738.0,2,   5.3635,2,  34.3080,2,      5.7,2
    740.0,2,   5.3543,2,  34.3133,2,      5.7,2
    742.0,2,   5.3079,2,  34.3112,2,      5.7,2
    744.0,2,   5.2921,2,  34.3065,2,      5.7,2
    746.0,2,   5.2979,2,  34.3093,2,      5.7,2
    748.0,2,   5.2634,2,  34.3087,2,      5.7,2
    750.0,2,   5.2261,2,  34.3037,2,      5.6,2
    752.0,2,   5.2211,2,  34.3007,2,      5.6,2
    754.0,2,   5.2137,2,  34.3023,2,      5.7,2
    756.0,2,   5.2017,2,  34.3023,2,      5.8,2
    758.0,2,   5.1753,2,  34.3015,2,      5.7,2
    760.0,2,   5.1461,2,  34.2992,2,      5.6,2
    762.0,2,   5.1321,2,  34.2963,2,      5.6,2
    764.0,2,   5.1281,2,  34.2960,2,      5.7,2
    766.0,2,   5.1011,2,  34.2952,2,      5.7,2
    768.0,2,   5.0580,2,  34.2920,2,      5.7,2
    770.0,2,   5.0197,2,  34.2864,2,      5.7,2
    772.0,2,   5.0037,2,  34.2845,2,      5.6,2
    774.0,2,   4.9840,2,  34.2824,2,      5.7,2
    776.0,2,   4.9638,2,  34.2819,2,      5.7,2
    778.0,2,   4.9166,2,  34.2792,2,      5.7,2
    780.0,2,   4.8834,2,  34.2735,2,      5.8,2
    782.0,2,   4.8753,2,  34.2724,2,      5.7,2
    784.0,2,   4.8611,2,  34.2741,2,      5.7,2
    786.0,2,   4.8443,2,  34.2733,2,      5.7,2
    788.0,2,   4.8075,2,  34.2754,2,      5.8,2
    790.0,2,   4.7463,2,  34.2644,2,      5.8,2
    792.0,2,   4.7304,2,  34.2563,2,      5.7,2
    794.0,2,   4.7762,2,  34.2649,2,      5.7,2
    796.0,2,   4.7651,2,  34.2689,2,      5.9,2
    798.0,2,   4.7488,2,  34.2664,2,      5.8,2
    800.0,2,   4.7489,2,  34.2679,2,      5.8,2
    802.0,2,   4.7412,2,  34.2681,2,      5.7,2
    804.0,2,   4.7427,2,  34.2703,2,      5.7,2
    806.0,2,   4.7138,2,  34.2703,2,      5.7,2
    808.0,2,   4.7194,2,  34.2702,2,      5.9,2
    810.0,2,   4.6619,2,  34.2690,2,      5.8,2
    812.0,2,   4.6285,2,  34.2596,2,      5.7,2
    814.0,2,   4.6171,2,  34.2566,2,      5.7,2
    816.0,2,   4.5810,2,  34.2532,2,      5.7,2
    818.0,2,   4.5863,2,  34.2529,2,      5.9,2
    820.0,2,   4.6433,2,  34.2591,2,      5.8,2
    822.0,2,   4.6548,2,  34.2628,2,      5.8,2
    824.0,2,   4.6305,2,  34.2689,2,      5.8,2
    826.0,2,   4.6116,2,  34.2658,2,      5.7,2
    828.0,2,   4.6110,2,  34.2651,2,      5.9,2
    830.0,2,   4.6016,2,  34.2639,2,      5.9,2
    832.0,2,   4.5837,2,  34.2634,2,      5.7,2
    834.0,2,   4.5483,2,  34.2626,2,      5.7,2
    836.0,2,   4.5262,2,  34.2596,2,      5.6,2
    838.0,2,   4.5097,2,  34.2577,2,      5.7,2
    840.0,2,   4.5149,2,  34.2599,2,      5.9,2
    842.0,2,   4.5171,2,  34.2578,2,      5.8,2
    844.0,2,   4.5648,2,  34.2651,2,      5.7,2
    846.0,2,   4.5618,2,  34.2724,2,      5.7,2
    848.0,2,   4.5161,2,  34.2709,2,      5.7,2
    850.0,2,   4.4422,2,  34.2639,2,      5.7,2
    852.0,2,   4.4060,2,  34.2574,2,      5.7,2
    854.0,2,   4.3945,2,  34.2558,2,      5.7,2
    856.0,2,   4.3889,2,  34.2553,2,      5.7,2
    858.0,2,   4.4087,2,  34.2573,2,      5.7,2
    860.0,2,   4.4100,2,  34.2606,2,      5.7,2
    862.0,2,   4.3594,2,  34.2573,2,      5.7,2
    864.0,2,   4.3354,2,  34.2512,2,      5.7,2
    866.0,2,   4.3319,2,  34.2527,2,      5.7,2
    868.0,2,   4.3024,2,  34.2531,2,      5.7,2
    870.0,2,   4.2731,2,  34.2501,2,      5.7,2
    872.0,2,   4.2584,2,  34.2481,2,      5.7,2
    874.0,2,   4.2502,2,  34.2480,2,      5.8,2
    876.0,2,   4.2381,2,  34.2504,2,      5.8,2
    878.0,2,   4.2298,2,  34.2500,2,      5.7,2
    880.0,2,   4.2588,2,  34.2521,2,      5.7,2
    882.0,2,   4.2755,2,  34.2615,2,      5.7,2
    884.0,2,   4.2778,2,  34.2623,2,      5.7,2
    886.0,2,   4.2876,2,  34.2629,2,      5.7,2
    888.0,2,   4.2856,2,  34.2661,2,      5.6,2
    890.0,2,   4.2404,2,  34.2639,2,      5.6,2
    892.0,2,   4.2248,2,  34.2593,2,      5.5,2
    894.0,2,   4.1955,2,  34.2591,2,      5.6,2
    896.0,2,   4.1389,2,  34.2526,2,      5.6,2
    898.0,2,   4.1017,2,  34.2476,2,      5.6,2
    900.0,2,   4.0904,2,  34.2460,2,      5.6,2
    902.0,2,   4.0858,2,  34.2464,2,      5.6,2
    904.0,2,   4.0846,2,  34.2469,2,      5.6,2
    906.0,2,   4.0823,2,  34.2477,2,      5.6,2
    908.0,2,   4.0685,2,  34.2501,2,      5.6,2
    910.0,2,   4.0633,2,  34.2495,2,      5.8,2
    912.0,2,   4.0214,2,  34.2493,2,      5.7,2
    914.0,2,   3.9974,2,  34.2458,2,      5.6,2
    916.0,2,   3.9792,2,  34.2453,2,      5.6,2
    918.0,2,   3.9762,2,  34.2431,2,      5.7,2
    920.0,2,   3.9565,2,  34.2439,2,      5.7,2
    922.0,2,   3.9403,2,  34.2417,2,      5.6,2
    924.0,2,   3.9343,2,  34.2411,2,      5.6,2
    926.0,2,   3.9339,2,  34.2426,2,      5.6,2
    928.0,2,   3.9275,2,  34.2440,2,      5.7,2
    930.0,2,   3.9279,2,  34.2450,2,      5.7,2
    932.0,2,   3.9170,2,  34.2502,2,      5.6,2
    934.0,2,   3.9330,2,  34.2482,2,      5.6,2
    936.0,2,   3.9589,2,  34.2561,2,      5.6,2
    938.0,2,   3.9578,2,  34.2596,2,      5.6,2
    940.0,2,   3.9013,2,  34.2591,2,      5.5,2
    942.0,2,   3.8587,2,  34.2477,2,      5.5,2
    944.0,2,   3.8428,2,  34.2471,2,      5.6,2
    946.0,2,   3.8135,2,  34.2461,2,      5.5,2
    948.0,2,   3.7975,2,  34.2447,2,      5.5,2
    950.0,2,   3.7877,2,  34.2448,2,      5.5,2
    952.0,2,   3.7821,2,  34.2487,2,      5.6,2
    954.0,2,   3.8006,2,  34.2468,2,      5.6,2
    956.0,2,   3.8339,2,  34.2543,2,      5.5,2
    958.0,2,   3.7958,2,  34.2617,2,      5.5,2
    960.0,2,   3.7777,2,  34.2550,2,      5.5,2
    962.0,2,   3.7880,2,  34.2563,2,      5.6,2
    964.0,2,   3.8089,2,  34.2604,2,      5.5,2
    966.0,2,   3.8220,2,  34.2661,2,      5.4,2
    968.0,2,   3.8197,2,  34.2667,2,      5.4,2
    970.0,2,   3.8295,2,  34.2707,2,      5.4,2
    972.0,2,   3.8211,2,  34.2720,2,      5.4,2
    974.0,2,   3.8134,2,  34.2730,2,      5.4,2
    976.0,2,   3.7881,2,  34.2733,2,      5.3,2
    978.0,2,   3.7706,2,  34.2726,2,      5.3,2
    980.0,2,   3.7599,2,  34.2713,2,      5.3,2
    982.0,2,   3.7484,2,  34.2701,2,      5.3,2
    984.0,2,   3.7613,2,  34.2717,2,      5.4,2
    986.0,2,   3.7562,2,  34.2751,2,      5.3,2
    988.0,2,   3.7470,2,  34.2750,2,      5.2,2
    990.0,2,   3.7394,2,  34.2750,2,      5.2,2
    992.0,2,   3.7316,2,  34.2778,2,      5.3,2
    994.0,2,   3.7354,2,  34.2772,2,      5.4,2
    996.0,2,   3.6808,2,  34.2780,2,      5.3,2
    998.0,2,   3.6729,2,  34.2742,2,      5.2,2
   1000.0,2,   3.6657,2,  34.2748,2,      5.2,2
   1002.0,2,   3.6592,2,  34.2750,2,      5.3,2
   1004.0,2,   3.6500,2,  34.2744,2,      5.2,2
   1006.0,2,   3.6492,2,  34.2746,2,      5.2,2
   1008.0,2,   3.6433,2,  34.2741,2,      5.3,2
   1010.0,2,   3.6368,2,  34.2744,2,      5.2,2
   1012.0,2,   3.6220,2,  34.2750,2,      5.2,2
   1014.0,2,   3.6153,2,  34.2741,2,      5.3,2
   1016.0,2,   3.6139,2,  34.2737,2,      5.3,2
   1018.0,2,   3.6073,2,  34.2749,2,      5.2,2
   1020.0,2,   3.6005,2,  34.2756,2,      5.2,2
   1022.0,2,   3.5991,2,  34.2758,2,      5.2,2
   1024.0,2,   3.6010,2,  34.2778,2,      5.2,2
   1026.0,2,   3.5972,2,  34.2797,2,      5.2,2
   1028.0,2,   3.5869,2,  34.2801,2,      5.2,2
   1030.0,2,   3.5822,2,  34.2793,2,      5.2,2
   1032.0,2,   3.5891,2,  34.2809,2,      5.2,2
   1034.0,2,   3.5925,2,  34.2825,2,      5.2,2
   1036.0,2,   3.5876,2,  34.2836,2,      5.2,2
   1038.0,2,   3.5786,2,  34.2844,2,      5.2,2
   1040.0,2,   3.5723,2,  34.2842,2,      5.2,2
   1042.0,2,   3.5645,2,  34.2843,2,      5.2,2
   1044.0,2,   3.5583,2,  34.2837,2,      5.2,2
   1046.0,2,   3.5516,2,  34.2839,2,      5.1,2
   1048.0,2,   3.5434,2,  34.2839,2,      5.2,2
   1050.0,2,   3.5383,2,  34.2828,2,      5.2,2
   1052.0,2,   3.5285,2,  34.2830,2,      5.2,2
   1054.0,2,   3.5105,2,  34.2831,2,      5.2,2
   1056.0,2,   3.5013,2,  34.2823,2,      5.1,2
   1058.0,2,   3.4895,2,  34.2833,2,      5.1,2
   1060.0,2,   3.4791,2,  34.2853,2,      5.2,2
   1062.0,2,   3.4791,2,  34.2868,2,      5.2,2
   1064.0,2,   3.4823,2,  34.2889,2,      5.2,2
   1066.0,2,   3.4659,2,  34.2895,2,      5.1,2
   1068.0,2,   3.4605,2,  34.2891,2,      5.1,2
   1070.0,2,   3.4546,2,  34.2904,2,      5.1,2
   1072.0,2,   3.4512,2,  34.2908,2,      5.1,2
   1074.0,2,   3.4498,2,  34.2911,2,      5.1,2
   1076.0,2,   3.4453,2,  34.2912,2,      5.1,2
   1078.0,2,   3.4392,2,  34.2918,2,      5.1,2
   1080.0,2,   3.4304,2,  34.2938,2,      5.1,2
   1082.0,2,   3.4194,2,  34.2943,2,      5.1,2
   1084.0,2,   3.4109,2,  34.2945,2,      5.1,2
   1086.0,2,   3.4012,2,  34.2943,2,      5.1,2
   1088.0,2,   3.3918,2,  34.2949,2,      5.1,2
   1090.0,2,   3.3830,2,  34.2948,2,      5.0,2
   1092.0,2,   3.3717,2,  34.2965,2,      5.0,2
   1094.0,2,   3.3602,2,  34.2963,2,      5.1,2
   1096.0,2,   3.3525,2,  34.2969,2,      5.1,2
   1098.0,2,   3.3454,2,  34.2979,2,      5.0,2
   1100.0,2,   3.3363,2,  34.2989,2,      5.0,2
   1102.0,2,   3.3362,2,  34.3003,2,      5.0,2
   1104.0,2,   3.3324,2,  34.3018,2,      5.0,2
   1106.0,2,   3.3298,2,  34.3025,2,      5.1,2
   1108.0,2,   3.3250,2,  34.3035,2,      5.0,2
   1110.0,2,   3.3228,2,  34.3053,2,      5.0,2
   1112.0,2,   3.3136,2,  34.3078,2,      5.0,2
   1114.0,2,   3.3062,2,  34.3073,2,      5.0,2
   1116.0,2,   3.2994,2,  34.3078,2,      5.0,2
   1118.0,2,   3.3053,2,  34.3088,2,      5.0,2
   1120.0,2,   3.3049,2,  34.3114,2,      5.0,2
   1122.0,2,   3.2993,2,  34.3127,2,      4.9,2
   1124.0,2,   3.2954,2,  34.3140,2,      5.0,2
   1126.0,2,   3.2970,2,  34.3135,2,      5.1,2
   1128.0,2,   3.2839,2,  34.3150,2,      5.0,2
   1130.0,2,   3.2747,2,  34.3140,2,      4.9,2
   1132.0,2,   3.2767,2,  34.3149,2,      4.9,2
   1134.0,2,   3.2688,2,  34.3175,2,      4.9,2
   1136.0,2,   3.2572,2,  34.3171,2,      5.0,2
   1138.0,2,   3.2479,2,  34.3165,2,      5.0,2
   1140.0,2,   3.2434,2,  34.3159,2,      4.9,2
   1142.0,2,   3.2405,2,  34.3167,2,      4.9,2
   1144.0,2,   3.2356,2,  34.3180,2,      4.9,2
   1146.0,2,   3.2328,2,  34.3178,2,      4.9,2
   1148.0,2,   3.2316,2,  34.3180,2,      4.9,2
   1150.0,2,   3.2267,2,  34.3196,2,      4.9,2
   1152.0,2,   3.2245,2,  34.3208,2,      4.9,2
   1154.0,2,   3.2230,2,  34.3211,2,      4.9,2
   1156.0,2,   3.2227,2,  34.3208,2,      4.9,2
   1158.0,2,   3.2231,2,  34.3219,2,      4.9,2
   1160.0,2,   3.2224,2,  34.3234,2,      4.9,2
   1162.0,2,   3.2199,2,  34.3242,2,      4.9,2
   1164.0,2,   3.2125,2,  34.3263,2,      4.9,2
   1166.0,2,   3.2061,2,  34.3277,2,      4.9,2
   1168.0,2,   3.2050,2,  34.3291,2,      4.9,2
   1170.0,2,   3.2060,2,  34.3313,2,      4.9,2
   1172.0,2,   3.2027,2,  34.3323,2,      4.9,2
   1174.0,2,   3.2033,2,  34.3354,2,      4.9,2
   1176.0,2,   3.2031,2,  34.3372,2,      4.9,2
   1178.0,2,   3.2021,2,  34.3402,2,      4.8,2
   1180.0,2,   3.2001,2,  34.3424,2,      4.8,2
   1182.0,2,   3.1967,2,  34.3424,2,      4.9,2
   1184.0,2,   3.1916,2,  34.3444,2,      4.8,2
   1186.0,2,   3.1822,2,  34.3449,2,      4.8,2
   1188.0,2,   3.1764,2,  34.3441,2,      4.8,2
   1190.0,2,   3.1681,2,  34.3457,2,      4.8,2
   1192.0,2,   3.1602,2,  34.3464,2,      4.8,2
   1194.0,2,   3.1477,2,  34.3462,2,      4.8,2
   1196.0,2,   3.1392,2,  34.3456,2,      4.8,2
   1198.0,2,   3.1414,2,  34.3476,2,      4.8,2
   1200.0,2,   3.1273,2,  34.3475,2,      4.8,2
   1202.0,2,   3.1258,2,  34.3486,2,      4.7,2
   1204.0,2,   3.1134,2,  34.3491,2,      4.8,2
   1206.0,2,   3.1110,2,  34.3497,2,      4.8,2
   1208.0,2,   3.0945,2,  34.3506,2,      4.8,2
   1210.0,2,   3.0891,2,  34.3533,2,      4.8,2
   1212.0,2,   3.0888,2,  34.3542,2,      4.8,2
   1214.0,2,   3.0809,2,  34.3556,2,      4.8,2
   1216.0,2,   3.0850,2,  34.3577,2,      4.7,2
   1218.0,2,   3.0816,2,  34.3598,2,      4.8,2
   1220.0,2,   3.0702,2,  34.3625,2,      4.8,2
   1222.0,2,   3.0651,2,  34.3623,2,      4.7,2
   1224.0,2,   3.0616,2,  34.3629,2,      4.7,2
   1226.0,2,   3.0592,2,  34.3644,2,      4.7,2
   1228.0,2,   3.0590,2,  34.3653,2,      4.8,2
   1230.0,2,   3.0562,2,  34.3670,2,      4.7,2
   1232.0,2,   3.0515,2,  34.3681,2,      4.7,2
   1234.0,2,   3.0464,2,  34.3693,2,      4.7,2
   1236.0,2,   3.0399,2,  34.3723,2,      4.7,2
   1238.0,2,   3.0338,2,  34.3737,2,      4.7,2
   1240.0,2,   3.0317,2,  34.3757,2,      4.7,2
   1242.0,2,   3.0265,2,  34.3776,2,      4.7,2
   1244.0,2,   3.0181,2,  34.3805,2,      4.7,2
   1246.0,2,   3.0147,2,  34.3817,2,      4.6,2
   1248.0,2,   3.0123,2,  34.3835,2,      4.7,2
   1250.0,2,   3.0117,2,  34.3842,2,      4.7,2
   1252.0,2,   3.0110,2,  34.3843,2,      4.6,2
   1254.0,2,   3.0080,2,  34.3852,2,      4.6,2
   1256.0,2,   3.0059,2,  34.3868,2,      4.6,2
   1258.0,2,   3.0035,2,  34.3882,2,      4.6,2
   1260.0,2,   3.0023,2,  34.3893,2,      4.7,2
   1262.0,2,   2.9990,2,  34.3918,2,      4.6,2
   1264.0,2,   2.9985,2,  34.3932,2,      4.6,2
   1266.0,2,   2.9994,2,  34.3940,2,      4.6,2
   1268.0,2,   2.9973,2,  34.3964,2,      4.6,2
   1270.0,2,   2.9974,2,  34.3957,2,      4.7,2
   1272.0,2,   2.9876,2,  34.3978,2,      4.6,2
   1274.0,2,   2.9840,2,  34.3981,2,      4.6,2
   1276.0,2,   2.9829,2,  34.3989,2,      4.5,2
   1278.0,2,   2.9822,2,  34.4005,2,      4.5,2
   1280.0,2,   2.9817,2,  34.4007,2,      4.6,2
   1282.0,2,   2.9792,2,  34.4020,2,      4.6,2
   1284.0,2,   2.9769,2,  34.4016,2,      4.5,2
   1286.0,2,   2.9762,2,  34.4029,2,      4.5,2
   1288.0,2,   2.9744,2,  34.4046,2,      4.5,2
   1290.0,2,   2.9749,2,  34.4046,2,      4.6,2
   1292.0,2,   2.9737,2,  34.4055,2,      4.6,2
   1294.0,2,   2.9719,2,  34.4073,2,      4.5,2
   1296.0,2,   2.9709,2,  34.4085,2,      4.5,2
   1298.0,2,   2.9657,2,  34.4096,2,      4.5,2
   1300.0,2,   2.9623,2,  34.4103,2,      4.5,2
   1302.0,2,   2.9623,2,  34.4104,2,      4.6,2
   1304.0,2,   2.9589,2,  34.4100,2,      4.6,2
   1306.0,2,   2.9632,2,  34.4110,2,      4.5,2
   1308.0,2,   2.9615,2,  34.4140,2,      4.5,2
   1310.0,2,   2.9601,2,  34.4148,2,      4.5,2
   1312.0,2,   2.9602,2,  34.4146,2,      4.5,2
   1314.0,2,   2.9593,2,  34.4153,2,      4.5,2
   1316.0,2,   2.9580,2,  34.4173,2,      4.5,2
   1318.0,2,   2.9568,2,  34.4177,2,      4.5,2
   1320.0,2,   2.9553,2,  34.4183,2,      4.5,2
   1322.0,2,   2.9525,2,  34.4198,2,      4.5,2
   1324.0,2,   2.9532,2,  34.4234,2,      4.5,2
   1326.0,2,   2.9412,2,  34.4283,2,      4.5,2
   1328.0,2,   2.9359,2,  34.4272,2,      4.5,2
   1330.0,2,   2.9378,2,  34.4280,2,      4.5,2
   1332.0,2,   2.9388,2,  34.4312,2,      4.5,2
   1334.0,2,   2.9497,2,  34.4344,2,      4.5,2
   1336.0,2,   2.9641,2,  34.4401,2,      4.5,2
   1338.0,2,   2.9621,2,  34.4426,2,      4.5,2
   1340.0,2,   2.9533,2,  34.4433,2,      4.5,2
   1342.0,2,   2.9321,2,  34.4429,2,      4.5,2
   1344.0,2,   2.9144,2,  34.4409,2,      4.5,2
   1346.0,2,   2.9118,2,  34.4413,2,      4.5,2
   1348.0,2,   2.9087,2,  34.4432,2,      4.5,2
   1350.0,2,   2.9057,2,  34.4452,2,      4.5,2
   1352.0,2,   2.9061,2,  34.4456,2,      4.5,2
   1354.0,2,   2.9053,2,  34.4472,2,      4.4,2
   1356.0,2,   2.9011,2,  34.4500,2,      4.5,2
   1358.0,2,   2.8986,2,  34.4537,2,      4.5,2
   1360.0,2,   2.9049,2,  34.4551,2,      4.4,2
   1362.0,2,   2.9187,2,  34.4584,2,      4.4,2
   1364.0,2,   2.9279,2,  34.4606,2,      4.4,2
   1366.0,2,   2.9319,2,  34.4639,2,      4.4,2
   1368.0,2,   2.9328,2,  34.4651,2,      4.4,2
   1370.0,2,   2.9338,2,  34.4667,2,      4.4,2
   1372.0,2,   2.9341,2,  34.4678,2,      4.5,2
   1374.0,2,   2.9293,2,  34.4692,2,      4.4,2
   1376.0,2,   2.9273,2,  34.4700,2,      4.4,2
   1378.0,2,   2.9286,2,  34.4699,2,      4.4,2
   1380.0,2,   2.9297,2,  34.4715,2,      4.4,2
   1382.0,2,   2.9283,2,  34.4729,2,      4.4,2
   1384.0,2,   2.9245,2,  34.4742,2,      4.4,2
   1386.0,2,   2.9215,2,  34.4748,2,      4.4,2
   1388.0,2,   2.9199,2,  34.4764,2,      4.4,2
   1390.0,2,   2.9209,2,  34.4789,2,      4.4,2
   1392.0,2,   2.9156,2,  34.4794,2,      4.4,2
   1394.0,2,   2.9115,2,  34.4799,2,      4.4,2
   1396.0,2,   2.9074,2,  34.4799,2,      4.4,2
   1398.0,2,   2.9079,2,  34.4808,2,      4.4,2
   1400.0,2,   2.9068,2,  34.4820,2,      4.4,2
   1402.0,2,   2.9031,2,  34.4818,2,      4.4,2
   1404.0,2,   2.9013,2,  34.4810,2,      4.4,2
   1406.0,2,   2.9028,2,  34.4815,2,      4.4,2
   1408.0,2,   2.9053,2,  34.4833,2,      4.4,2
   1410.0,2,   2.9078,2,  34.4838,2,      4.4,2
   1412.0,2,   2.9155,2,  34.4883,2,      4.4,2
   1414.0,2,   2.9154,2,  34.4912,2,      4.4,2
   1416.0,2,   2.9151,2,  34.4923,2,      4.4,2
   1418.0,2,   2.9148,2,  34.4933,2,      4.4,2
   1420.0,2,   2.9127,2,  34.4945,2,      4.4,2
   1422.0,2,   2.9099,2,  34.4967,2,      4.4,2
   1424.0,2,   2.9080,2,  34.4977,2,      4.4,2
   1426.0,2,   2.9060,2,  34.4985,2,      4.4,2
   1428.0,2,   2.9036,2,  34.4984,2,      4.4,2
   1430.0,2,   2.9023,2,  34.4984,2,      4.4,2
   1432.0,2,   2.9002,2,  34.4997,2,      4.4,2
   1434.0,2,   2.8952,2,  34.5016,2,      4.4,2
   1436.0,2,   2.8930,2,  34.5024,2,      4.4,2
   1438.0,2,   2.8911,2,  34.5031,2,      4.4,2
   1440.0,2,   2.8892,2,  34.5040,2,      4.4,2
   1442.0,2,   2.8858,2,  34.5052,2,      4.4,2
   1444.0,2,   2.8851,2,  34.5059,2,      4.4,2
   1446.0,2,   2.8843,2,  34.5091,2,      4.4,2
   1448.0,2,   2.8859,2,  34.5104,2,      4.4,2
   1450.0,2,   2.8855,2,  34.5112,2,      4.3,2
   1452.0,2,   2.8830,2,  34.5125,2,      4.3,2
   1454.0,2,   2.8812,2,  34.5129,2,      4.4,2
   1456.0,2,   2.8759,2,  34.5147,2,      4.4,2
   1458.0,2,   2.8751,2,  34.5152,2,      4.4,2
   1460.0,2,   2.8740,2,  34.5174,2,      4.3,2
   1462.0,2,   2.8760,2,  34.5199,2,      4.4,2
   1464.0,2,   2.8770,2,  34.5207,2,      4.4,2
   1466.0,2,   2.8746,2,  34.5223,2,      4.4,2
   1468.0,2,   2.8654,2,  34.5239,2,      4.3,2
   1470.0,2,   2.8637,2,  34.5234,2,      4.3,2
   1472.0,2,   2.8621,2,  34.5240,2,      4.3,2
   1474.0,2,   2.8629,2,  34.5256,2,      4.4,2
   1476.0,2,   2.8617,2,  34.5281,2,      4.4,2
   1478.0,2,   2.8610,2,  34.5293,2,      4.3,2
   1480.0,2,   2.8611,2,  34.5304,2,      4.3,2
   1482.0,2,   2.8611,2,  34.5321,2,      4.3,2
   1484.0,2,   2.8597,2,  34.5335,2,      4.3,2
   1486.0,2,   2.8577,2,  34.5347,2,      4.4,2
   1488.0,2,   2.8543,2,  34.5364,2,      4.4,2
   1490.0,2,   2.8539,2,  34.5366,2,      4.3,2
   1492.0,2,   2.8527,2,  34.5379,2,      4.3,2
   1494.0,2,   2.8517,2,  34.5395,2,      4.3,2
   1496.0,2,   2.8516,2,  34.5397,2,      4.4,2
   1498.0,2,   2.8513,2,  34.5414,2,      4.3,2
   1500.0,2,   2.8503,2,  34.5435,2,      4.3,2
   1502.0,2,   2.8502,2,  34.5434,2,      4.4,2
   1504.0,2,   2.8500,2,  34.5444,2,      4.3,2
   1506.0,2,   2.8503,2,  34.5471,2,      4.3,2
   1508.0,2,   2.8483,2,  34.5503,2,      4.3,2
   1510.0,2,   2.8457,2,  34.5519,2,      4.3,2
   1512.0,2,   2.8436,2,  34.5531,2,      4.4,2
   1514.0,2,   2.8452,2,  34.5539,2,      4.4,2
   1516.0,2,   2.8447,2,  34.5551,2,      4.3,2
   1518.0,2,   2.8424,2,  34.5557,2,      4.3,2
   1520.0,2,   2.8412,2,  34.5577,2,      4.3,2
   1522.0,2,   2.8420,2,  34.5590,2,      4.3,2
   1524.0,2,   2.8433,2,  34.5607,2,      4.3,2
   1526.0,2,   2.8440,2,  34.5626,2,      4.3,2
   1528.0,2,   2.8421,2,  34.5643,2,      4.3,2
   1530.0,2,   2.8405,2,  34.5654,2,      4.3,2
   1532.0,2,   2.8407,2,  34.5660,2,      4.3,2
   1534.0,2,   2.8401,2,  34.5674,2,      4.3,2
   1536.0,2,   2.8405,2,  34.5691,2,      4.3,2
   1538.0,2,   2.8410,2,  34.5703,2,      4.3,2
   1540.0,2,   2.8403,2,  34.5710,2,      4.3,2
   1542.0,2,   2.8400,2,  34.5714,2,      4.4,2
   1544.0,2,   2.8399,2,  34.5729,2,      4.4,2
   1546.0,2,   2.8377,2,  34.5743,2,      4.3,2
   1548.0,2,   2.8370,2,  34.5757,2,      4.3,2
   1550.0,2,   2.8370,2,  34.5769,2,      4.3,2
   1552.0,2,   2.8371,2,  34.5781,2,      4.3,2
   1554.0,2,   2.8371,2,  34.5792,2,      4.3,2
   1556.0,2,   2.8372,2,  34.5796,2,      4.3,2
   1558.0,2,   2.8367,2,  34.5807,2,      4.3,2
   1560.0,2,   2.8355,2,  34.5834,2,      4.3,2
   1562.0,2,   2.8366,2,  34.5848,2,      4.3,2
   1564.0,2,   2.8371,2,  34.5854,2,      4.3,2
   1566.0,2,   2.8370,2,  34.5862,2,      4.3,2
   1568.0,2,   2.8371,2,  34.5880,2,      4.3,2
   1570.0,2,   2.8376,2,  34.5889,2,      4.3,2
   1572.0,2,   2.8382,2,  34.5897,2,      4.3,2
   1574.0,2,   2.8389,2,  34.5906,2,      4.3,2
   1576.0,2,   2.8394,2,  34.5915,2,      4.3,2
   1578.0,2,   2.8399,2,  34.5928,2,      4.3,2
   1580.0,2,   2.8411,2,  34.5941,2,      4.3,2
   1582.0,2,   2.8420,2,  34.5962,2,      4.3,2
   1584.0,2,   2.8427,2,  34.5967,2,      4.3,2
   1586.0,2,   2.8435,2,  34.5973,2,      4.3,2
   1588.0,2,   2.8431,2,  34.5977,2,      4.3,2
   1590.0,2,   2.8432,2,  34.5983,2,      4.3,2
   1592.0,2,   2.8440,2,  34.5991,2,      4.3,2
   1594.0,2,   2.8436,2,  34.6000,2,      4.3,2
   1596.0,2,   2.8434,2,  34.6006,2,      4.3,2
   1598.0,2,   2.8432,2,  34.6017,2,      4.3,2
   1600.0,2,   2.8442,2,  34.6025,2,      4.3,2
   1602.0,2,   2.8461,2,  34.6035,2,      4.3,2
   1604.0,2,   2.8470,2,  34.6053,2,      4.3,2
   1606.0,2,   2.8471,2,  34.6065,2,      4.3,2
   1608.0,2,   2.8475,2,  34.6068,2,      4.3,2
   1610.0,2,   2.8485,2,  34.6076,2,      4.3,2
   1612.0,2,   2.8504,2,  34.6096,2,      4.3,2
   1614.0,2,   2.8515,2,  34.6115,2,      4.3,2
   1616.0,2,   2.8511,2,  34.6132,2,      4.3,2
   1618.0,2,   2.8519,2,  34.6146,2,      4.3,2
   1620.0,2,   2.8530,2,  34.6164,2,      4.3,2
   1622.0,2,   2.8533,2,  34.6176,2,      4.3,2
   1624.0,2,   2.8535,2,  34.6189,2,      4.3,2
   1626.0,2,   2.8536,2,  34.6195,2,      4.3,2
   1628.0,2,   2.8540,2,  34.6202,2,      4.3,2
   1630.0,2,   2.8553,2,  34.6219,2,      4.3,2
   1632.0,2,   2.8564,2,  34.6225,2,      4.3,2
   1634.0,2,   2.8574,2,  34.6227,2,      4.3,2
   1636.0,2,   2.8598,2,  34.6241,2,      4.3,2
   1638.0,2,   2.8607,2,  34.6257,2,      4.4,2
   1640.0,2,   2.8614,2,  34.6274,2,      4.4,2
   1642.0,2,   2.8620,2,  34.6282,2,      4.3,2
   1644.0,2,   2.8637,2,  34.6293,2,      4.3,2
   1646.0,2,   2.8660,2,  34.6319,2,      4.3,2
   1648.0,2,   2.8665,2,  34.6334,2,      4.3,2
   1650.0,2,   2.8669,2,  34.6342,2,      4.4,2
   1652.0,2,   2.8674,2,  34.6344,2,      4.4,2
   1654.0,2,   2.8688,2,  34.6358,2,      4.4,2
   1656.0,2,   2.8705,2,  34.6380,2,      4.3,2
   1658.0,2,   2.8709,2,  34.6393,2,      4.4,2
   1660.0,2,   2.8716,2,  34.6399,2,      4.4,2
   1662.0,2,   2.8726,2,  34.6415,2,      4.4,2
   1664.0,2,   2.8728,2,  34.6433,2,      4.4,2
   1666.0,2,   2.8731,2,  34.6440,2,      4.4,2
   1668.0,2,   2.8732,2,  34.6444,2,      4.4,2
   1670.0,2,   2.8733,2,  34.6448,2,      4.4,2
   1672.0,2,   2.8736,2,  34.6453,2,      4.4,2
   1674.0,2,   2.8741,2,  34.6455,2,      4.4,2
   1676.0,2,   2.8751,2,  34.6464,2,      4.4,2
   1678.0,2,   2.8763,2,  34.6482,2,      4.4,2
   1680.0,2,   2.8765,2,  34.6499,2,      4.4,2
   1682.0,2,   2.8769,2,  34.6495,2,      4.4,2
   1684.0,2,   2.8784,2,  34.6507,2,      4.4,2
   1686.0,2,   2.8789,2,  34.6517,2,      4.4,2
   1688.0,2,   2.8793,2,  34.6538,2,      4.4,2
   1690.0,2,   2.8802,2,  34.6537,2,      4.4,2
   1692.0,2,   2.8817,2,  34.6540,2,      4.4,2
   1694.0,2,   2.8829,2,  34.6558,2,      4.4,2
   1696.0,2,   2.8839,2,  34.6586,2,      4.4,2
   1698.0,2,   2.8848,2,  34.6596,2,      4.4,2
   1700.0,2,   2.8849,2,  34.6608,2,      4.4,2
   1702.0,2,   2.8850,2,  34.6610,2,      4.4,2
   1704.0,2,   2.8854,2,  34.6621,2,      4.4,2
   1706.0,2,   2.8855,2,  34.6633,2,      4.4,2
   1708.0,2,   2.8855,2,  34.6637,2,      4.4,2
   1710.0,2,   2.8860,2,  34.6652,2,      4.4,2
   1712.0,2,   2.8879,2,  34.6664,2,      4.4,2
   1714.0,2,   2.8909,2,  34.6680,2,      4.4,2
   1716.0,2,   2.8919,2,  34.6692,2,      4.4,2
   1718.0,2,   2.8920,2,  34.6698,2,      4.4,2
   1720.0,2,   2.8929,2,  34.6705,2,      4.4,2
   1722.0,2,   2.8939,2,  34.6718,2,      4.4,2
   1724.0,2,   2.8945,2,  34.6730,2,      4.4,2
   1726.0,2,   2.8950,2,  34.6736,2,      4.4,2
   1728.0,2,   2.8957,2,  34.6742,2,      4.4,2
   1730.0,2,   2.8961,2,  34.6746,2,      4.4,2
   1732.0,2,   2.8994,2,  34.6763,2,      4.4,2
   1734.0,2,   2.9027,2,  34.6776,2,      4.5,2
   1736.0,2,   2.9053,2,  34.6789,2,      4.5,2
   1738.0,2,   2.9044,2,  34.6804,2,      4.5,2
   1740.0,2,   2.9028,2,  34.6805,2,      4.5,2
   1742.0,2,   2.9025,2,  34.6805,2,      4.4,2
   1744.0,2,   2.9021,2,  34.6808,2,      4.5,2
   1746.0,2,   2.9020,2,  34.6817,2,      4.5,2
   1748.0,2,   2.9027,2,  34.6823,2,      4.5,2
   1750.0,2,   2.9024,2,  34.6830,2,      4.5,2
   1752.0,2,   2.9022,2,  34.6843,2,      4.5,2
   1754.0,2,   2.9025,2,  34.6846,2,      4.5,2
   1756.0,2,   2.9037,2,  34.6853,2,      4.5,2
   1758.0,2,   2.9048,2,  34.6865,2,      4.5,2
   1760.0,2,   2.9054,2,  34.6877,2,      4.5,2
   1762.0,2,   2.9061,2,  34.6891,2,      4.5,2
   1764.0,2,   2.9068,2,  34.6896,2,      4.5,2
   1766.0,2,   2.9077,2,  34.6904,2,      4.5,2
   1768.0,2,   2.9085,2,  34.6911,2,      4.5,2
   1770.0,2,   2.9089,2,  34.6916,2,      4.5,2
   1772.0,2,   2.9093,2,  34.6919,2,      4.5,2
   1774.0,2,   2.9099,2,  34.6920,2,      4.5,2
   1776.0,2,   2.9106,2,  34.6932,2,      4.5,2
   1778.0,2,   2.9113,2,  34.6949,2,      4.5,2
   1780.0,2,   2.9128,2,  34.6960,2,      4.5,2
   1782.0,2,   2.9144,2,  34.6971,2,      4.5,2
   1784.0,2,   2.9157,2,  34.6985,2,      4.5,2
   1786.0,2,   2.9184,2,  34.6997,2,      4.5,2
   1788.0,2,   2.9226,2,  34.7017,2,      4.5,2
   1790.0,2,   2.9343,2,  34.7055,2,      4.5,2
   1792.0,2,   2.9531,2,  34.7100,2,      4.5,2
   1794.0,2,   2.9612,2,  34.7129,2,      4.5,2
   1796.0,2,   2.9534,2,  34.7150,2,      4.5,2
   1798.0,2,   2.9453,2,  34.7129,2,      4.5,2
   1800.0,2,   2.9438,2,  34.7129,2,      4.5,2
   1802.0,2,   2.9389,2,  34.7128,2,      4.5,2
   1804.0,2,   2.9348,2,  34.7124,2,      4.5,2
   1806.0,2,   2.9368,2,  34.7134,2,      4.5,2
   1808.0,2,   2.9420,2,  34.7170,2,      4.5,2
   1810.0,2,   2.9442,2,  34.7192,2,      4.6,2
   1812.0,2,   2.9472,2,  34.7202,2,      4.6,2
   1814.0,2,   2.9479,2,  34.7210,2,      4.6,2
   1816.0,2,   2.9501,2,  34.7223,2,      4.5,2
   1818.0,2,   2.9519,2,  34.7241,2,      4.5,2
   1820.0,2,   2.9530,2,  34.7254,2,      4.6,2
   1822.0,2,   2.9542,2,  34.7241,2,      4.6,2
   1824.0,2,   2.9635,2,  34.7257,2,      4.6,2
   1826.0,2,   2.9636,2,  34.7284,2,      4.6,2
   1828.0,2,   2.9656,2,  34.7298,2,      4.6,2
   1830.0,2,   2.9673,2,  34.7305,2,      4.6,2
   1832.0,2,   2.9704,2,  34.7313,2,      4.6,2
   1834.0,2,   2.9725,2,  34.7325,2,      4.6,2
   1836.0,2,   2.9751,2,  34.7336,2,      4.6,2
   1838.0,2,   2.9780,2,  34.7350,2,      4.6,2
   1840.0,2,   2.9806,2,  34.7360,2,      4.6,2
   1842.0,2,   2.9961,2,  34.7386,2,      4.6,2
   1844.0,2,   2.9977,2,  34.7406,2,      4.6,2
   1846.0,2,   2.9984,2,  34.7412,2,      4.6,2
   1848.0,2,   2.9977,2,  34.7418,2,      4.6,2
   1850.0,2,   2.9862,2,  34.7413,2,      4.6,2
   1852.0,2,   3.0087,2,  34.7456,2,      4.6,2
   1854.0,2,   3.0208,2,  34.7489,2,      4.6,2
   1856.0,2,   3.0201,2,  34.7500,2,      4.6,2
   1858.0,2,   3.0153,2,  34.7498,2,      4.6,2
   1860.0,2,   3.0199,2,  34.7507,2,      4.7,2
   1862.0,2,   3.0094,2,  34.7512,2,      4.7,2
   1864.0,2,   2.9951,2,  34.7510,2,      4.7,2
   1866.0,2,   2.9946,2,  34.7501,2,      4.7,2
   1868.0,2,   2.9963,2,  34.7507,2,      4.7,2
   1870.0,2,   2.9975,2,  34.7508,2,      4.7,2
   1872.0,2,   3.0010,2,  34.7518,2,      4.7,2
   1874.0,2,   3.0047,2,  34.7531,2,      4.7,2
   1876.0,2,   3.0128,2,  34.7560,2,      4.7,2
   1878.0,2,   3.0182,2,  34.7585,2,      4.7,2
   1880.0,2,   3.0283,2,  34.7611,2,      4.7,2
   1882.0,2,   3.0332,2,  34.7632,2,      4.7,2
   1884.0,2,   3.0387,2,  34.7637,2,      4.7,2
   1886.0,2,   3.0504,2,  34.7676,2,      4.7,2
   1888.0,2,   3.0495,2,  34.7674,2,      4.7,2
   1890.0,2,   3.0538,2,  34.7687,2,      4.7,2
   1892.0,2,   3.0578,2,  34.7697,2,      4.7,2
   1894.0,2,   3.0571,2,  34.7713,2,      4.7,2
   1896.0,2,   3.0568,2,  34.7721,2,      4.7,2
   1898.0,2,   3.0571,2,  34.7717,2,      4.8,2
   1900.0,2,   3.0618,2,  34.7735,2,      4.7,2
   1902.0,2,   3.0629,2,  34.7740,2,      4.7,2
   1904.0,2,   3.0648,2,  34.7755,2,      4.7,2
   1906.0,2,   3.0661,2,  34.7770,2,      4.7,2
   1908.0,2,   3.0690,2,  34.7775,2,      4.8,2
   1910.0,2,   3.0733,2,  34.7784,2,      4.8,2
   1912.0,2,   3.0749,2,  34.7789,2,      4.8,2
   1914.0,2,   3.0749,2,  34.7798,2,      4.8,2
   1916.0,2,   3.0751,2,  34.7796,2,      4.8,2
   1918.0,2,   3.0763,2,  34.7798,2,      4.8,2
   1920.0,2,   3.0768,2,  34.7812,2,      4.8,2
   1922.0,2,   3.0791,2,  34.7820,2,      4.8,2
   1924.0,2,   3.0823,2,  34.7826,2,      4.8,2
   1926.0,2,   3.0844,2,  34.7835,2,      4.8,2
   1928.0,2,   3.0867,2,  34.7858,2,      4.8,2
   1930.0,2,   3.0911,2,  34.7875,2,      4.8,2
   1932.0,2,   3.0979,2,  34.7892,2,      4.8,2
   1934.0,2,   3.0987,2,  34.7906,2,      4.8,2
   1936.0,2,   3.0998,2,  34.7913,2,      4.8,2
   1938.0,2,   3.1040,2,  34.7933,2,      4.8,2
   1940.0,2,   3.1069,2,  34.7933,2,      4.8,2
   1942.0,2,   3.1117,2,  34.7965,2,      4.8,2
   1944.0,2,   3.1126,2,  34.7971,2,      4.8,2
   1946.0,2,   3.1143,2,  34.7985,2,      4.8,2
   1948.0,2,   3.1162,2,  34.8004,2,      4.8,2
   1950.0,2,   3.1199,2,  34.8000,2,      4.9,2
   1952.0,2,   3.1235,2,  34.8023,2,      4.8,2
   1954.0,2,   3.1246,2,  34.8029,2,      4.8,2
   1956.0,2,   3.1257,2,  34.8044,2,      4.8,2
   1958.0,2,   3.1265,2,  34.8041,2,      4.9,2
   1960.0,2,   3.1306,2,  34.8057,2,      4.9,2
   1962.0,2,   3.1313,2,  34.8065,2,      4.9,2
   1964.0,2,   3.1302,2,  34.8073,2,      4.9,2
   1966.0,2,   3.1283,2,  34.8080,2,      4.9,2
   1968.0,2,   3.1292,2,  34.8085,2,      4.9,2
   1970.0,2,   3.1281,2,  34.8089,2,      4.9,2
   1972.0,2,   3.1312,2,  34.8107,2,      4.9,2
   1974.0,2,   3.1324,2,  34.8114,2,      4.9,2
   1976.0,2,   3.1346,2,  34.8122,2,      4.9,2
   1978.0,2,   3.1376,2,  34.8135,2,      4.9,2
   1980.0,2,   3.1399,2,  34.8147,2,      4.9,2
   1982.0,2,   3.1495,2,  34.8175,2,      4.9,2
   1984.0,2,   3.1480,2,  34.8186,2,      4.9,2
   1986.0,2,   3.1384,2,  34.8174,2,      5.0,2
   1988.0,2,   3.1489,2,  34.8185,2,      5.0,2
   1990.0,2,   3.1513,2,  34.8210,2,      5.0,2
   1992.0,2,   3.1518,2,  34.8217,2,      5.0,2
   1994.0,2,   3.1536,2,  34.8218,2,      5.0,2
   1996.0,2,   3.1577,2,  34.8223,2,      5.0,2
   1998.0,2,   3.1616,2,  34.8239,2,      5.0,2
   2000.0,2,   3.1626,2,  34.8246,2,      5.0,2
   2002.0,2,   3.1650,2,  34.8255,2,      5.0,2
   2004.0,2,   3.1675,2,  34.8268,2,      5.0,2
   2006.0,2,   3.1693,2,  34.8274,2,      5.0,2
   2008.0,2,   3.1737,2,  34.8299,2,      5.0,2
   2010.0,2,   3.1750,2,  34.8307,2,      5.0,2
   2012.0,2,   3.1778,2,  34.8319,2,      5.0,2
   2014.0,2,   3.1796,2,  34.8326,2,      5.0,2
   2016.0,2,   3.1807,2,  34.8328,2,      5.0,2
   2018.0,2,   3.1818,2,  34.8333,2,      5.0,2
   2020.0,2,   3.1830,2,  34.8341,2,      5.0,2
   2022.0,2,   3.1871,2,  34.8354,2,      5.0,2
   2024.0,2,   3.1899,2,  34.8364,2,      5.0,2
   2026.0,2,   3.1839,2,  34.8371,2,      5.0,2
   2028.0,2,   3.1816,2,  34.8370,2,      5.0,2
   2030.0,2,   3.1920,2,  34.8391,2,      5.1,2
   2032.0,2,   3.1931,2,  34.8403,2,      5.0,2
   2034.0,2,   3.1925,2,  34.8411,2,      5.1,2
   2036.0,2,   3.1923,2,  34.8417,2,      5.1,2
   2038.0,2,   3.1939,2,  34.8416,2,      5.1,2
   2040.0,2,   3.1950,2,  34.8421,2,      5.1,2
   2042.0,2,   3.1966,2,  34.8426,2,      5.1,2
   2044.0,2,   3.1942,2,  34.8432,2,      5.1,2
   2046.0,2,   3.1927,2,  34.8436,2,      5.1,2
   2048.0,2,   3.1879,2,  34.8433,2,      5.1,2
   2050.0,2,   3.1847,2,  34.8427,2,      5.1,2
   2052.0,2,   3.1809,2,  34.8428,2,      5.1,2
   2054.0,2,   3.1807,2,  34.8433,2,      5.1,2
   2056.0,2,   3.1731,2,  34.8437,2,      5.1,2
   2058.0,2,   3.1817,2,  34.8443,2,      5.1,2
   2060.0,2,   3.1788,2,  34.8439,2,      5.1,2
   2062.0,2,   3.1691,2,  34.8431,2,      5.1,2
   2064.0,2,   3.1367,2,  34.8394,2,      5.1,2
   2066.0,2,   3.1393,2,  34.8380,2,      5.1,2
   2068.0,2,   3.1467,2,  34.8390,2,      5.1,2
   2070.0,2,   3.1634,2,  34.8411,2,      5.1,2
   2072.0,2,   3.2001,2,  34.8485,2,      5.1,2
   2074.0,2,   3.2085,2,  34.8544,2,      5.1,2
   2076.0,2,   3.2134,2,  34.8553,2,      5.1,2
   2078.0,2,   3.2301,2,  34.8584,2,      5.1,2
   2080.0,2,   3.2295,2,  34.8602,2,      5.1,2
   2082.0,2,   3.2312,2,  34.8600,2,      5.1,2
   2084.0,2,   3.2310,2,  34.8622,2,      5.1,2
   2086.0,2,   3.2273,2,  34.8618,2,      5.2,2
   2088.0,2,   3.2272,2,  34.8613,2,      5.2,2
   2090.0,2,   3.2291,2,  34.8609,2,      5.2,2
   2092.0,2,   3.2291,2,  34.8612,2,      5.2,2
   2094.0,2,   3.2256,2,  34.8623,2,      5.2,2
   2096.0,2,   3.2249,2,  34.8624,2,      5.2,2
   2098.0,2,   3.2280,2,  34.8615,2,      5.2,2
   2100.0,2,   3.2279,2,  34.8625,2,      5.2,2
   2102.0,2,   3.2254,2,  34.8625,2,      5.2,2
   2104.0,2,   3.2241,2,  34.8622,2,      5.2,2
   2106.0,2,   3.2171,2,  34.8622,2,      5.2,2
   2108.0,2,   3.2048,2,  34.8613,2,      5.2,2
   2110.0,2,   3.2005,2,  34.8606,2,      5.2,2
   2112.0,2,   3.1905,2,  34.8594,2,      5.2,2
   2114.0,2,   3.1882,2,  34.8583,2,      5.2,2
   2116.0,2,   3.1917,2,  34.8588,2,      5.2,2
   2118.0,2,   3.1939,2,  34.8600,2,      5.2,2
   2120.0,2,   3.1922,2,  34.8607,2,      5.2,2
   2122.0,2,   3.1837,2,  34.8600,2,      5.2,2
   2124.0,2,   3.1773,2,  34.8594,2,      5.2,2
   2126.0,2,   3.1666,2,  34.8580,2,      5.2,2
   2128.0,2,   3.1613,2,  34.8573,2,      5.2,2
   2130.0,2,   3.1562,2,  34.8568,2,      5.2,2
   2132.0,2,   3.1528,2,  34.8565,2,      5.2,2
   2134.0,2,   3.1484,2,  34.8557,2,      5.2,2
   2136.0,2,   3.1450,2,  34.8549,2,      5.2,2
   2138.0,2,   3.1385,2,  34.8550,2,      5.2,2
   2140.0,2,   3.1436,2,  34.8557,2,      5.2,2
   2142.0,2,   3.1541,2,  34.8575,2,      5.2,2
   2144.0,2,   3.1568,2,  34.8583,2,      5.2,2
   2146.0,2,   3.1567,2,  34.8587,2,      5.2,2
   2148.0,2,   3.1621,2,  34.8597,2,      5.2,2
   2150.0,2,   3.1755,2,  34.8638,2,      5.2,2
   2152.0,2,   3.1832,2,  34.8660,2,      5.2,2
   2154.0,2,   3.1865,2,  34.8688,2,      5.2,2
   2156.0,2,   3.1764,2,  34.8696,2,      5.2,2
   2158.0,2,   3.1740,2,  34.8681,2,      5.2,2
   2160.0,2,   3.1738,2,  34.8679,2,      5.2,2
   2162.0,2,   3.1689,2,  34.8680,2,      5.2,2
   2164.0,2,   3.1706,2,  34.8677,2,      5.2,2
   2166.0,2,   3.1811,2,  34.8711,2,      5.2,2
   2168.0,2,   3.1869,2,  34.8728,2,      5.2,2
   2170.0,2,   3.1905,2,  34.8743,2,      5.3,2
   2172.0,2,   3.1860,2,  34.8740,2,      5.3,2
   2174.0,2,   3.1892,2,  34.8738,2,      5.3,2
   2176.0,2,   3.1920,2,  34.8752,2,      5.3,2
   2178.0,2,   3.1909,2,  34.8757,2,      5.3,2
   2180.0,2,   3.1888,2,  34.8764,2,      5.3,2
   2182.0,2,   3.1883,2,  34.8766,2,      5.3,2
   2184.0,2,   3.1899,2,  34.8766,2,      5.3,2
   2186.0,2,   3.1903,2,  34.8774,2,      5.3,2
   2188.0,2,   3.1911,2,  34.8780,2,      5.3,2
   2190.0,2,   3.1892,2,  34.8780,2,      5.3,2
   2192.0,2,   3.1889,2,  34.8783,2,      5.3,2
   2194.0,2,   3.1875,2,  34.8791,2,      5.3,2
   2196.0,2,   3.1873,2,  34.8796,2,      5.3,2
   2198.0,2,   3.1877,2,  34.8804,2,      5.3,2
   2200.0,2,   3.1890,2,  34.8805,2,      5.3,2
   2202.0,2,   3.1916,2,  34.8808,2,      5.3,2
   2204.0,2,   3.1932,2,  34.8816,2,      5.3,2
   2206.0,2,   3.1940,2,  34.8820,2,      5.3,2
   2208.0,2,   3.1946,2,  34.8827,2,      5.3,2
   2210.0,2,   3.1931,2,  34.8826,2,      5.4,2
   2212.0,2,   3.1917,2,  34.8833,2,      5.4,2
   2214.0,2,   3.1898,2,  34.8832,2,      5.4,2
   2216.0,2,   3.1889,2,  34.8828,2,      5.4,2
   2218.0,2,   3.1924,2,  34.8834,2,      5.4,2
   2220.0,2,   3.1940,2,  34.8852,2,      5.4,2
   2222.0,2,   3.1944,2,  34.8858,2,      5.4,2
   2224.0,2,   3.1955,2,  34.8855,2,      5.4,2
   2226.0,2,   3.1994,2,  34.8867,2,      5.4,2
   2228.0,2,   3.2020,2,  34.8872,2,      5.4,2
   2230.0,2,   3.2039,2,  34.8886,2,      5.4,2
   2232.0,2,   3.2076,2,  34.8901,2,      5.4,2
   2234.0,2,   3.2196,2,  34.8921,2,      5.4,2
   2236.0,2,   3.2265,2,  34.8948,2,      5.4,2
   2238.0,2,   3.2254,2,  34.8957,2,      5.4,2
   2240.0,2,   3.2253,2,  34.8960,2,      5.4,2
   2242.0,2,   3.2258,2,  34.8967,2,      5.4,2
   2244.0,2,   3.2276,2,  34.8968,2,      5.4,2
   2246.0,2,   3.2288,2,  34.8974,2,      5.4,2
   2248.0,2,   3.2284,2,  34.8983,2,      5.5,2
   2250.0,2,   3.2279,2,  34.8985,2,      5.5,2
   2252.0,2,   3.2276,2,  34.8988,2,      5.5,2
   2254.0,2,   3.2264,2,  34.8988,2,      5.5,2
   2256.0,2,   3.2261,2,  34.8986,2,      5.5,2
   2258.0,2,   3.2258,2,  34.8990,2,      5.5,2
   2260.0,2,   3.2248,2,  34.8992,2,      5.5,2
   2262.0,2,   3.2233,2,  34.8990,2,      5.5,2
   2264.0,2,   3.2215,2,  34.8989,2,      5.5,2
   2266.0,2,   3.2187,2,  34.8989,2,      5.5,2
   2268.0,2,   3.2161,2,  34.8989,2,      5.5,2
   2270.0,2,   3.2163,2,  34.8990,2,      5.5,2
   2272.0,2,   3.2176,2,  34.8993,2,      5.5,2
   2274.0,2,   3.2181,2,  34.8994,2,      5.5,2
   2276.0,2,   3.2176,2,  34.9000,2,      5.5,2
   2278.0,2,   3.2169,2,  34.9003,2,      5.5,2
   2280.0,2,   3.2173,2,  34.9003,2,      5.5,2
   2282.0,2,   3.2171,2,  34.9005,2,      5.5,2
   2284.0,2,   3.2172,2,  34.9008,2,      5.5,2
   2286.0,2,   3.2150,2,  34.9007,2,      5.5,2
   2288.0,2,   3.2097,2,  34.9002,2,      5.5,2
   2290.0,2,   3.2017,2,  34.8999,2,      5.5,2
   2292.0,2,   3.1970,2,  34.8988,2,      5.5,2
   2294.0,2,   3.1901,2,  34.8983,2,      5.5,2
   2296.0,2,   3.1886,2,  34.8977,2,      5.5,2
   2298.0,2,   3.1876,2,  34.8982,2,      5.5,2
   2300.0,2,   3.1867,2,  34.8986,2,      5.5,2
   2302.0,2,   3.1864,2,  34.8981,2,      5.5,2
   2304.0,2,   3.1853,2,  34.8983,2,      5.5,2
   2306.0,2,   3.1855,2,  34.8984,2,      5.5,2
   2308.0,2,   3.1909,2,  34.9002,2,      5.5,2
   2310.0,2,   3.1931,2,  34.9013,2,      5.5,2
   2312.0,2,   3.1940,2,  34.9019,2,      5.5,2
   2314.0,2,   3.1977,2,  34.9029,2,      5.5,2
   2316.0,2,   3.1979,2,  34.9038,2,      5.5,2
   2318.0,2,   3.1981,2,  34.9031,2,      5.5,2
   2320.0,2,   3.1958,2,  34.9034,2,      5.5,2
   2322.0,2,   3.1944,2,  34.9032,2,      5.5,2
   2324.0,2,   3.1940,2,  34.9031,2,      5.5,2
   2326.0,2,   3.1904,2,  34.9035,2,      5.5,2
   2328.0,2,   3.1826,2,  34.9027,2,      5.5,2
   2330.0,2,   3.1797,2,  34.9020,2,      5.5,2
   2332.0,2,   3.1795,2,  34.9015,2,      5.5,2
   2334.0,2,   3.1796,2,  34.9022,2,      5.5,2
   2336.0,2,   3.1808,2,  34.9029,2,      5.5,2
   2338.0,2,   3.1809,2,  34.9029,2,      5.5,2
   2340.0,2,   3.1800,2,  34.9029,2,      5.5,2
   2342.0,2,   3.1809,2,  34.9030,2,      5.5,2
   2344.0,2,   3.1842,2,  34.9038,2,      5.5,2
   2346.0,2,   3.1946,2,  34.9060,2,      5.5,2
   2348.0,2,   3.2002,2,  34.9080,2,      5.5,2
   2350.0,2,   3.2017,2,  34.9087,2,      5.5,2
   2352.0,2,   3.2013,2,  34.9089,2,      5.5,2
   2354.0,2,   3.2011,2,  34.9097,2,      5.5,2
   2356.0,2,   3.2029,2,  34.9103,2,      5.6,2
   2358.0,2,   3.2095,2,  34.9107,2,      5.6,2
   2360.0,2,   3.2264,2,  34.9147,2,      5.6,2
   2362.0,2,   3.2255,2,  34.9166,2,      5.6,2
   2364.0,2,   3.2206,2,  34.9157,2,      5.6,2
   2366.0,2,   3.2267,2,  34.9154,2,      5.6,2
   2368.0,2,   3.2400,2,  34.9194,2,      5.6,2
   2370.0,2,   3.2436,2,  34.9213,2,      5.6,2
   2372.0,2,   3.2415,2,  34.9217,2,      5.6,2
   2374.0,2,   3.2381,2,  34.9216,2,      5.6,2
   2376.0,2,   3.2359,2,  34.9209,2,      5.6,2
   2378.0,2,   3.2336,2,  34.9207,2,      5.6,2
   2380.0,2,   3.2324,2,  34.9209,2,      5.6,2
   2382.0,2,   3.2292,2,  34.9209,2,      5.7,2
   2384.0,2,   3.2264,2,  34.9205,2,      5.7,2
   2386.0,2,   3.2314,2,  34.9212,2,      5.7,2
   2388.0,2,   3.2386,2,  34.9243,2,      5.7,2
   2390.0,2,   3.2403,2,  34.9250,2,      5.7,2
   2392.0,2,   3.2406,2,  34.9250,2,      5.7,2
   2394.0,2,   3.2409,2,  34.9256,2,      5.7,2
   2396.0,2,   3.2414,2,  34.9264,2,      5.7,2
   2398.0,2,   3.2418,2,  34.9267,2,      5.7,2
   2400.0,2,   3.2410,2,  34.9267,2,      5.7,2
   2402.0,2,   3.2406,2,  34.9266,2,      5.7,2
   2404.0,2,   3.2427,2,  34.9273,2,      5.7,2
   2406.0,2,   3.2471,2,  34.9279,2,      5.7,2
   2408.0,2,   3.2484,2,  34.9292,2,      5.7,2
   2410.0,2,   3.2450,2,  34.9297,2,      5.7,2
   2412.0,2,   3.2439,2,  34.9297,2,      5.7,2
   2414.0,2,   3.2456,2,  34.9298,2,      5.7,2
   2416.0,2,   3.2462,2,  34.9306,2,      5.7,2
   2418.0,2,   3.2458,2,  34.9308,2,      5.7,2
   2420.0,2,   3.2459,2,  34.9309,2,      5.7,2
   2422.0,2,   3.2462,2,  34.9307,2,      5.7,2
   2424.0,2,   3.2458,2,  34.9305,2,      5.7,2
   2426.0,2,   3.2430,2,  34.9310,2,      5.7,2
   2428.0,2,   3.2424,2,  34.9308,2,      5.7,2
   2430.0,2,   3.2444,2,  34.9309,2,      5.7,2
   2432.0,2,   3.2441,2,  34.9315,2,      5.7,2
   2434.0,2,   3.2439,2,  34.9323,2,      5.7,2
   2436.0,2,   3.2460,2,  34.9326,2,      5.7,2
   2438.0,2,   3.2469,2,  34.9332,2,      5.7,2
   2440.0,2,   3.2481,2,  34.9334,2,      5.7,2
   2442.0,2,   3.2501,2,  34.9341,2,      5.7,2
   2444.0,2,   3.2494,2,  34.9349,2,      5.7,2
   2446.0,2,   3.2477,2,  34.9359,2,      5.7,2
   2448.0,2,   3.2478,2,  34.9360,2,      5.8,2
   2450.0,2,   3.2463,2,  34.9353,2,      5.8,2
   2452.0,2,   3.2461,2,  34.9354,2,      5.7,2
   2454.0,2,   3.2433,2,  34.9353,2,      5.7,2
   2456.0,2,   3.2422,2,  34.9359,2,      5.8,2
   2458.0,2,   3.2418,2,  34.9359,2,      5.8,2
   2460.0,2,   3.2391,2,  34.9357,2,      5.8,2
   2462.0,2,   3.2373,2,  34.9354,2,      5.8,2
   2464.0,2,   3.2363,2,  34.9351,2,      5.8,2
   2466.0,2,   3.2349,2,  34.9350,2,      5.8,2
   2468.0,2,   3.2326,2,  34.9351,2,      5.8,2
   2470.0,2,   3.2324,2,  34.9350,2,      5.8,2
   2472.0,2,   3.2326,2,  34.9350,2,      5.8,2
   2474.0,2,   3.2304,2,  34.9348,2,      5.8,2
   2476.0,2,   3.2280,2,  34.9345,2,      5.8,2
   2478.0,2,   3.2255,2,  34.9342,2,      5.8,2
   2480.0,2,   3.2241,2,  34.9347,2,      5.8,2
   2482.0,2,   3.2210,2,  34.9345,2,      5.8,2
   2484.0,2,   3.2171,2,  34.9343,2,      5.8,2
   2486.0,2,   3.2103,2,  34.9339,2,      5.8,2
   2488.0,2,   3.2057,2,  34.9330,2,      5.8,2
   2490.0,2,   3.2038,2,  34.9321,2,      5.8,2
   2492.0,2,   3.2022,2,  34.9326,2,      5.8,2
   2494.0,2,   3.1989,2,  34.9324,2,      5.8,2
   2496.0,2,   3.1952,2,  34.9321,2,      5.8,2
   2498.0,2,   3.1922,2,  34.9316,2,      5.8,2
   2500.0,2,   3.1879,2,  34.9308,2,      5.8,2
   2502.0,2,   3.1860,2,  34.9304,2,      5.8,2
   2504.0,2,   3.1845,2,  34.9302,2,      5.8,2
   2506.0,2,   3.1833,2,  34.9301,2,      5.8,2
   2508.0,2,   3.1815,2,  34.9301,2,      5.8,2
   2510.0,2,   3.1811,2,  34.9298,2,      5.8,2
   2512.0,2,   3.1770,2,  34.9296,2,      5.8,2
   2514.0,2,   3.1739,2,  34.9295,2,      5.8,2
   2516.0,2,   3.1724,2,  34.9291,2,      5.8,2
   2518.0,2,   3.1707,2,  34.9290,2,      5.8,2
   2520.0,2,   3.1695,2,  34.9292,2,      5.8,2
   2522.0,2,   3.1683,2,  34.9292,2,      5.8,2
   2524.0,2,   3.1680,2,  34.9290,2,      5.8,2
   2526.0,2,   3.1674,2,  34.9289,2,      5.8,2
   2528.0,2,   3.1645,2,  34.9291,2,      5.8,2
   2530.0,2,   3.1635,2,  34.9290,2,      5.7,2
   2532.0,2,   3.1638,2,  34.9284,2,      5.8,2
   2534.0,2,   3.1638,2,  34.9290,2,      5.8,2
   2536.0,2,   3.1626,2,  34.9291,2,      5.8,2
   2538.0,2,   3.1615,2,  34.9288,2,      5.7,2
   2540.0,2,   3.1613,2,  34.9290,2,      5.7,2
   2542.0,2,   3.1610,2,  34.9291,2,      5.8,2
   2544.0,2,   3.1617,2,  34.9289,2,      5.8,2
   2546.0,2,   3.1617,2,  34.9284,2,      5.8,2
   2548.0,2,   3.1609,2,  34.9284,2,      5.7,2
   2550.0,2,   3.1616,2,  34.9303,2,      5.7,2
   2552.0,2,   3.1601,2,  34.9308,2,      5.8,2
   2554.0,2,   3.1501,2,  34.9296,2,      5.8,2
   2556.0,2,   3.1466,2,  34.9284,2,      5.8,2
   2558.0,2,   3.1441,2,  34.9280,2,      5.7,2
   2560.0,2,   3.1392,2,  34.9277,2,      5.8,2
   2562.0,2,   3.1354,2,  34.9273,2,      5.7,2
   2564.0,2,   3.1322,2,  34.9272,2,      5.8,2
   2566.0,2,   3.1196,2,  34.9261,2,      5.8,2
   2568.0,2,   3.1078,2,  34.9235,2,      5.8,2
   2570.0,2,   3.1045,2,  34.9223,2,      5.7,2
   2572.0,2,   3.1080,2,  34.9229,2,      5.7,2
   2574.0,2,   3.1084,2,  34.9239,2,      5.7,2
   2576.0,2,   3.1101,2,  34.9238,2,      5.8,2
   2578.0,2,   3.1146,2,  34.9247,2,      5.8,2
   2580.0,2,   3.1159,2,  34.9249,2,      5.7,2
   2582.0,2,   3.1168,2,  34.9268,2,      5.7,2
   2584.0,2,   3.1121,2,  34.9264,2,      5.7,2
   2586.0,2,   3.1098,2,  34.9258,2,      5.8,2
   2588.0,2,   3.1099,2,  34.9253,2,      5.7,2
   2590.0,2,   3.1072,2,  34.9255,2,      5.7,2
   2592.0,2,   3.1057,2,  34.9257,2,      5.7,2
   2594.0,2,   3.1055,2,  34.9260,2,      5.8,2
   2596.0,2,   3.1037,2,  34.9259,2,      5.8,2
   2598.0,2,   3.1034,2,  34.9252,2,      5.8,2
   2600.0,2,   3.1040,2,  34.9260,2,      5.7,2
   2602.0,2,   3.1040,2,  34.9270,2,      5.7,2
   2604.0,2,   3.1044,2,  34.9270,2,      5.7,2
   2606.0,2,   3.1074,2,  34.9274,2,      5.8,2
   2608.0,2,   3.1079,2,  34.9279,2,      5.7,2
   2610.0,2,   3.1066,2,  34.9282,2,      5.7,2
   2612.0,2,   3.1053,2,  34.9282,2,      5.8,2
   2614.0,2,   3.1042,2,  34.9295,2,      5.8,2
   2616.0,2,   3.1002,2,  34.9293,2,      5.8,2
   2618.0,2,   3.0999,2,  34.9287,2,      5.8,2
   2620.0,2,   3.0997,2,  34.9284,2,      5.8,2
   2622.0,2,   3.0994,2,  34.9291,2,      5.8,2
   2624.0,2,   3.0999,2,  34.9289,2,      5.8,2
   2626.0,2,   3.0980,2,  34.9291,2,      5.8,2
   2628.0,2,   3.0973,2,  34.9281,2,      5.8,2
   2630.0,2,   3.0978,2,  34.9292,2,      5.8,2
   2632.0,2,   3.0977,2,  34.9310,2,      5.8,2
   2634.0,2,   3.0982,2,  34.9318,2,      5.8,2
   2636.0,2,   3.0985,2,  34.9316,2,      5.8,2
   2638.0,2,   3.1005,2,  34.9314,2,      5.8,2
   2640.0,2,   3.1002,2,  34.9324,2,      5.8,2
   2642.0,2,   3.0992,2,  34.9322,2,      5.8,2
   2644.0,2,   3.0986,2,  34.9326,2,      5.8,2
   2646.0,2,   3.0946,2,  34.9322,2,      5.8,2
   2648.0,2,   3.0886,2,  34.9314,2,      5.8,2
   2650.0,2,   3.0861,2,  34.9306,2,      5.8,2
   2652.0,2,   3.0850,2,  34.9309,2,      5.8,2
   2654.0,2,   3.0839,2,  34.9307,2,      5.8,2
   2656.0,2,   3.0836,2,  34.9307,2,      5.8,2
   2658.0,2,   3.0799,2,  34.9305,2,      5.8,2
   2660.0,2,   3.0769,2,  34.9305,2,      5.8,2
   2662.0,2,   3.0735,2,  34.9298,2,      5.8,2
   2664.0,2,   3.0754,2,  34.9294,2,      5.8,2
   2666.0,2,   3.0803,2,  34.9315,2,      5.8,2
   2668.0,2,   3.0804,2,  34.9322,2,      5.8,2
   2670.0,2,   3.0805,2,  34.9321,2,      5.8,2
   2672.0,2,   3.0805,2,  34.9318,2,      5.8,2
   2674.0,2,   3.0787,2,  34.9317,2,      5.8,2
   2676.0,2,   3.0753,2,  34.9313,2,      5.8,2
   2678.0,2,   3.0713,2,  34.9311,2,      5.8,2
   2680.0,2,   3.0663,2,  34.9302,2,      5.8,2
   2682.0,2,   3.0668,2,  34.9302,2,      5.8,2
   2684.0,2,   3.0669,2,  34.9309,2,      5.8,2
   2686.0,2,   3.0660,2,  34.9310,2,      5.8,2
   2688.0,2,   3.0645,2,  34.9309,2,      5.8,2
   2690.0,2,   3.0630,2,  34.9305,2,      5.8,2
   2692.0,2,   3.0630,2,  34.9307,2,      5.8,2
   2694.0,2,   3.0619,2,  34.9306,2,      5.8,2
   2696.0,2,   3.0584,2,  34.9305,2,      5.8,2
   2698.0,2,   3.0513,2,  34.9293,2,      5.8,2
   2700.0,2,   3.0364,2,  34.9276,2,      5.8,2
   2702.0,2,   3.0347,2,  34.9261,2,      5.8,2
   2704.0,2,   3.0321,2,  34.9255,2,      5.8,2
   2706.0,2,   3.0218,2,  34.9244,2,      5.8,2
   2708.0,2,   3.0148,2,  34.9232,2,      5.8,2
   2710.0,2,   3.0081,2,  34.9220,2,      5.8,2
   2712.0,2,   3.0074,2,  34.9211,2,      5.8,2
   2714.0,2,   3.0077,2,  34.9210,2,      5.8,2
   2716.0,2,   3.0058,2,  34.9211,2,      5.8,2
   2718.0,2,   3.0050,2,  34.9210,2,      5.8,2
   2720.0,2,   3.0026,2,  34.9206,2,      5.8,2
   2722.0,2,   3.0009,2,  34.9196,2,      5.8,2
   2724.0,2,   3.0008,2,  34.9201,2,      5.7,2
   2726.0,2,   3.0004,2,  34.9208,2,      5.8,2
   2728.0,2,   3.0000,2,  34.9211,2,      5.8,2
   2730.0,2,   3.0003,2,  34.9208,2,      5.8,2
   2732.0,2,   3.0036,2,  34.9212,2,      5.7,2
   2734.0,2,   3.0059,2,  34.9229,2,      5.7,2
   2736.0,2,   3.0045,2,  34.9234,2,      5.7,2
   2738.0,2,   3.0038,2,  34.9232,2,      5.8,2
   2740.0,2,   3.0041,2,  34.9223,2,      5.8,2
   2742.0,2,   3.0068,2,  34.9226,2,      5.8,2
   2744.0,2,   3.0028,2,  34.9238,2,      5.7,2
   2746.0,2,   2.9982,2,  34.9240,2,      5.7,2
   2748.0,2,   2.9989,2,  34.9235,2,      5.8,2
   2750.0,2,   2.9979,2,  34.9232,2,      5.8,2
   2752.0,2,   2.9988,2,  34.9232,2,      5.8,2
   2754.0,2,   2.9984,2,  34.9242,2,      5.7,2
   2756.0,2,   2.9979,2,  34.9242,2,      5.8,2
   2758.0,2,   2.9976,2,  34.9242,2,      5.8,2
   2760.0,2,   2.9970,2,  34.9239,2,      5.8,2
   2762.0,2,   2.9897,2,  34.9233,2,      5.8,2
   2764.0,2,   2.9883,2,  34.9231,2,      5.8,2
   2766.0,2,   2.9879,2,  34.9228,2,      5.8,2
   2768.0,2,   2.9876,2,  34.9224,2,      5.8,2
   2770.0,2,   2.9885,2,  34.9225,2,      5.8,2
   2772.0,2,   2.9883,2,  34.9230,2,      5.8,2
   2774.0,2,   2.9869,2,  34.9228,2,      5.8,2
   2776.0,2,   2.9847,2,  34.9224,2,      5.8,2
   2778.0,2,   2.9858,2,  34.9221,2,      5.8,2
   2780.0,2,   2.9864,2,  34.9226,2,      5.8,2
   2782.0,2,   2.9856,2,  34.9229,2,      5.8,2
   2784.0,2,   2.9819,2,  34.9228,2,      5.8,2
   2786.0,2,   2.9769,2,  34.9218,2,      5.8,2
   2788.0,2,   2.9747,2,  34.9219,2,      5.8,2
   2790.0,2,   2.9739,2,  34.9217,2,      5.8,2
   2792.0,2,   2.9736,2,  34.9213,2,      5.8,2
   2794.0,2,   2.9730,2,  34.9210,2,      5.8,2
   2796.0,2,   2.9732,2,  34.9211,2,      5.8,2
   2798.0,2,   2.9746,2,  34.9226,2,      5.8,2
   2800.0,2,   2.9751,2,  34.9237,2,      5.8,2
   2802.0,2,   2.9760,2,  34.9239,2,      5.8,2
   2804.0,2,   2.9752,2,  34.9241,2,      5.8,2
   2806.0,2,   2.9749,2,  34.9245,2,      5.8,2
   2808.0,2,   2.9745,2,  34.9246,2,      5.8,2
   2810.0,2,   2.9688,2,  34.9243,2,      5.8,2
   2812.0,2,   2.9661,2,  34.9238,2,      5.8,2
   2814.0,2,   2.9682,2,  34.9246,2,      5.8,2
   2816.0,2,   2.9692,2,  34.9246,2,      5.8,2
   2818.0,2,   2.9695,2,  34.9247,2,      5.8,2
   2820.0,2,   2.9690,2,  34.9255,2,      5.8,2
   2822.0,2,   2.9682,2,  34.9257,2,      5.8,2
   2824.0,2,   2.9672,2,  34.9251,2,      5.8,2
   2826.0,2,   2.9630,2,  34.9246,2,      5.8,2
   2828.0,2,   2.9561,2,  34.9238,2,      5.8,2
   2830.0,2,   2.9478,2,  34.9221,2,      5.8,2
   2832.0,2,   2.9469,2,  34.9211,2,      5.8,2
   2834.0,2,   2.9550,2,  34.9220,2,      5.8,2
   2836.0,2,   2.9555,2,  34.9237,2,      5.8,2
   2838.0,2,   2.9429,2,  34.9219,2,      5.8,2
   2840.0,2,   2.9378,2,  34.9207,2,      5.8,2
   2842.0,2,   2.9352,2,  34.9206,2,      5.8,2
   2844.0,2,   2.9336,2,  34.9203,2,      5.8,2
   2846.0,2,   2.9327,2,  34.9204,2,      5.8,2
   2848.0,2,   2.9316,2,  34.9207,2,      5.8,2
   2850.0,2,   2.9296,2,  34.9208,2,      5.8,2
   2852.0,2,   2.9270,2,  34.9207,2,      5.8,2
   2854.0,2,   2.9263,2,  34.9210,2,      5.8,2
   2856.0,2,   2.9262,2,  34.9214,2,      5.8,2
   2858.0,2,   2.9245,2,  34.9218,2,      5.8,2
   2860.0,2,   2.9235,2,  34.9213,2,      5.8,2
   2862.0,2,   2.9230,2,  34.9209,2,      5.8,2
   2864.0,2,   2.9225,2,  34.9210,2,      5.8,2
   2866.0,2,   2.9221,2,  34.9213,2,      5.8,2
   2868.0,2,   2.9216,2,  34.9209,2,      5.8,2
   2870.0,2,   2.9206,2,  34.9207,2,      5.8,2
   2872.0,2,   2.9175,2,  34.9206,2,      5.8,2
   2874.0,2,   2.9140,2,  34.9206,2,      5.8,2
   2876.0,2,   2.9083,2,  34.9196,2,      5.8,2
   2878.0,2,   2.9075,2,  34.9188,2,      5.8,2
   2880.0,2,   2.9067,2,  34.9187,2,      5.8,2
   2882.0,2,   2.9050,2,  34.9194,2,      5.8,2
   2884.0,2,   2.9056,2,  34.9197,2,      5.8,2
   2886.0,2,   2.9038,2,  34.9184,2,      5.8,2
   2888.0,2,   2.9035,2,  34.9185,2,      5.8,2
   2890.0,2,   2.9033,2,  34.9190,2,      5.8,2
   2892.0,2,   2.9019,2,  34.9196,2,      5.8,2
   2894.0,2,   2.9009,2,  34.9194,2,      5.8,2
   2896.0,2,   2.8975,2,  34.9187,2,      5.8,2
   2898.0,2,   2.8966,2,  34.9180,2,      5.8,2
   2900.0,2,   2.8962,2,  34.9186,2,      5.8,2
   2902.0,2,   2.8957,2,  34.9193,2,      5.8,2
   2904.0,2,   2.8959,2,  34.9189,2,      5.8,2
   2906.0,2,   2.8949,2,  34.9188,2,      5.8,2
   2908.0,2,   2.8930,2,  34.9191,2,      5.8,2
   2910.0,2,   2.8921,2,  34.9191,2,      5.8,2
   2912.0,2,   2.8890,2,  34.9190,2,      5.8,2
   2914.0,2,   2.8864,2,  34.9186,2,      5.8,2
   2916.0,2,   2.8798,2,  34.9183,2,      5.8,2
   2918.0,2,   2.8753,2,  34.9177,2,      5.8,2
   2920.0,2,   2.8700,2,  34.9171,2,      5.8,2
   2922.0,2,   2.8650,2,  34.9169,2,      5.8,2
   2924.0,2,   2.8676,2,  34.9168,2,      5.8,2
   2926.0,2,   2.8634,2,  34.9165,2,      5.8,2
   2928.0,2,   2.8620,2,  34.9158,2,      5.8,2
   2930.0,2,   2.8604,2,  34.9159,2,      5.7,2
   2932.0,2,   2.8587,2,  34.9162,2,      5.8,2
   2934.0,2,   2.8591,2,  34.9164,2,      5.8,2
   2936.0,2,   2.8569,2,  34.9158,2,      5.8,2
   2938.0,2,   2.8545,2,  34.9151,2,      5.8,2
   2940.0,2,   2.8531,2,  34.9153,2,      5.8,2
   2942.0,2,   2.8516,2,  34.9160,2,      5.7,2
   2944.0,2,   2.8515,2,  34.9158,2,      5.8,2
   2946.0,2,   2.8485,2,  34.9152,2,      5.8,2
   2948.0,2,   2.8465,2,  34.9152,2,      5.8,2
   2950.0,2,   2.8459,2,  34.9159,2,      5.8,2
   2952.0,2,   2.8459,2,  34.9158,2,      5.8,2
   2954.0,2,   2.8460,2,  34.9163,2,      5.8,2
   2956.0,2,   2.8435,2,  34.9162,2,      5.8,2
   2958.0,2,   2.8412,2,  34.9162,2,      5.8,2
   2960.0,2,   2.8389,2,  34.9160,2,      5.7,2
   2962.0,2,   2.8369,2,  34.9157,2,      5.8,2
   2964.0,2,   2.8358,2,  34.9154,2,      5.8,2
   2966.0,2,   2.8344,2,  34.9155,2,      5.8,2
   2968.0,2,   2.8320,2,  34.9153,2,      5.8,2
   2970.0,2,   2.8315,2,  34.9150,2,      5.8,2
   2972.0,2,   2.8309,2,  34.9155,2,      5.8,2
   2974.0,2,   2.8302,2,  34.9156,2,      5.8,2
   2976.0,2,   2.8300,2,  34.9152,2,      5.8,2
   2978.0,2,   2.8294,2,  34.9159,2,      5.8,2
   2980.0,2,   2.8265,2,  34.9160,2,      5.8,2
   2982.0,2,   2.8249,2,  34.9152,2,      5.8,2
   2984.0,2,   2.8232,2,  34.9154,2,      5.8,2
   2986.0,2,   2.8214,2,  34.9157,2,      5.8,2
   2988.0,2,   2.8202,2,  34.9157,2,      5.8,2
   2990.0,2,   2.8186,2,  34.9157,2,      5.8,2
   2992.0,2,   2.8185,2,  34.9157,2,      5.8,2
   2994.0,2,   2.8186,2,  34.9152,2,      5.8,2
   2996.0,2,   2.8186,2,  34.9152,2,      5.8,2
   2998.0,2,   2.8185,2,  34.9155,2,      5.8,2
   3000.0,2,   2.8173,2,  34.9153,2,      5.8,2
   3002.0,2,   2.8162,2,  34.9152,2,      5.8,2
   3004.0,2,   2.8148,2,  34.9151,2,      5.8,2
   3006.0,2,   2.8132,2,  34.9154,2,      5.8,2
   3008.0,2,   2.8122,2,  34.9154,2,      5.8,2
   3010.0,2,   2.8115,2,  34.9151,2,      5.8,2
   3012.0,2,   2.8116,2,  34.9147,2,      5.8,2
   3014.0,2,   2.8115,2,  34.9148,2,      5.8,2
   3016.0,2,   2.8097,2,  34.9153,2,      5.8,2
   3018.0,2,   2.8076,2,  34.9157,2,      5.8,2
   3020.0,2,   2.8061,2,  34.9150,2,      5.8,2
   3022.0,2,   2.8037,2,  34.9145,2,      5.8,2
   3024.0,2,   2.8008,2,  34.9149,2,      5.8,2
   3026.0,2,   2.8001,2,  34.9145,2,      5.8,2
   3028.0,2,   2.7984,2,  34.9143,2,      5.8,2
   3030.0,2,   2.7926,2,  34.9134,2,      5.8,2
   3032.0,2,   2.7882,2,  34.9128,2,      5.8,2
   3034.0,2,   2.7846,2,  34.9129,2,      5.8,2
   3036.0,2,   2.7865,2,  34.9127,2,      5.8,2
   3038.0,2,   2.7867,2,  34.9120,2,      5.8,2
   3040.0,2,   2.7872,2,  34.9124,2,      5.8,2
   3042.0,2,   2.7839,2,  34.9130,2,      5.8,2
   3044.0,2,   2.7761,2,  34.9121,2,      5.8,2
   3046.0,2,   2.7715,2,  34.9114,2,      5.8,2
   3048.0,2,   2.7683,2,  34.9107,2,      5.8,2
   3050.0,2,   2.7669,2,  34.9103,2,      5.8,2
   3052.0,2,   2.7666,2,  34.9107,2,      5.8,2
   3054.0,2,   2.7625,2,  34.9104,2,      5.8,2
   3056.0,2,   2.7584,2,  34.9095,2,      5.8,2
   3058.0,2,   2.7574,2,  34.9096,2,      5.8,2
   3060.0,2,   2.7564,2,  34.9101,2,      5.8,2
   3062.0,2,   2.7579,2,  34.9107,2,      5.7,2
   3064.0,2,   2.7590,2,  34.9109,2,      5.8,2
   3066.0,2,   2.7590,2,  34.9103,2,      5.8,2
   3068.0,2,   2.7530,2,  34.9104,2,      5.8,2
   3070.0,2,   2.7493,2,  34.9100,2,      5.7,2
   3072.0,2,   2.7501,2,  34.9102,2,      5.8,2
   3074.0,2,   2.7503,2,  34.9102,2,      5.8,2
   3076.0,2,   2.7506,2,  34.9107,2,      5.8,2
   3078.0,2,   2.7498,2,  34.9107,2,      5.8,2
   3080.0,2,   2.7462,2,  34.9104,2,      5.8,2
   3082.0,2,   2.7409,2,  34.9100,2,      5.8,2
   3084.0,2,   2.7336,2,  34.9084,2,      5.8,2
   3086.0,2,   2.7299,2,  34.9080,2,      5.8,2
   3088.0,2,   2.7270,2,  34.9078,2,      5.8,2
   3090.0,2,   2.7271,2,  34.9074,2,      5.8,2
   3092.0,2,   2.7241,2,  34.9076,2,      5.8,2
   3094.0,2,   2.7206,2,  34.9071,2,      5.8,2
   3096.0,2,   2.7164,2,  34.9066,2,      5.8,2
   3098.0,2,   2.7163,2,  34.9066,2,      5.8,2
   3100.0,2,   2.7186,2,  34.9069,2,      5.8,2
   3102.0,2,   2.7211,2,  34.9075,2,      5.8,2
   3104.0,2,   2.7195,2,  34.9082,2,      5.8,2
   3106.0,2,   2.7122,2,  34.9075,2,      5.8,2
   3108.0,2,   2.7112,2,  34.9068,2,      5.8,2
   3110.0,2,   2.7124,2,  34.9070,2,      5.8,2
   3112.0,2,   2.7130,2,  34.9074,2,      5.8,2
   3114.0,2,   2.7132,2,  34.9075,2,      5.8,2
   3116.0,2,   2.7159,2,  34.9086,2,      5.8,2
   3118.0,2,   2.7186,2,  34.9092,2,      5.8,2
   3120.0,2,   2.7217,2,  34.9102,2,      5.8,2
   3122.0,2,   2.7235,2,  34.9109,2,      5.8,2
   3124.0,2,   2.7239,2,  34.9107,2,      5.8,2
   3126.0,2,   2.7200,2,  34.9107,2,      5.8,2
   3128.0,2,   2.7178,2,  34.9104,2,      5.8,2
   3130.0,2,   2.7178,2,  34.9106,2,      5.8,2
   3132.0,2,   2.7192,2,  34.9106,2,      5.8,2
   3134.0,2,   2.7185,2,  34.9112,2,      5.8,2
   3136.0,2,   2.7156,2,  34.9115,2,      5.8,2
   3138.0,2,   2.7152,2,  34.9114,2,      5.8,2
   3140.0,2,   2.7165,2,  34.9118,2,      5.8,2
   3142.0,2,   2.7137,2,  34.9120,2,      5.8,2
   3144.0,2,   2.7110,2,  34.9114,2,      5.8,2
   3146.0,2,   2.7095,2,  34.9113,2,      5.8,2
   3148.0,2,   2.7062,2,  34.9116,2,      5.8,2
   3150.0,2,   2.7019,2,  34.9109,2,      5.8,2
   3152.0,2,   2.6957,2,  34.9100,2,      5.8,2
   3154.0,2,   2.6877,2,  34.9094,2,      5.8,2
   3156.0,2,   2.6854,2,  34.9087,2,      5.8,2
   3158.0,2,   2.6849,2,  34.9088,2,      5.8,2
   3160.0,2,   2.6784,2,  34.9091,2,      5.8,2
   3162.0,2,   2.6755,2,  34.9085,2,      5.8,2
   3164.0,2,   2.6683,2,  34.9084,2,      5.8,2
   3166.0,2,   2.6625,2,  34.9072,2,      5.8,2
   3168.0,2,   2.6574,2,  34.9070,2,      5.8,2
   3170.0,2,   2.6571,2,  34.9064,2,      5.8,2
   3172.0,2,   2.6560,2,  34.9060,2,      5.8,2
   3174.0,2,   2.6515,2,  34.9061,2,      5.8,2
   3176.0,2,   2.6486,2,  34.9058,2,      5.8,2
   3178.0,2,   2.6468,2,  34.9059,2,      5.8,2
   3180.0,2,   2.6446,2,  34.9055,2,      5.8,2
   3182.0,2,   2.6410,2,  34.9052,2,      5.8,2
   3184.0,2,   2.6370,2,  34.9049,2,      5.8,2
   3186.0,2,   2.6311,2,  34.9046,2,      5.8,2
   3188.0,2,   2.6268,2,  34.9042,2,      5.8,2
   3190.0,2,   2.6236,2,  34.9038,2,      5.8,2
   3192.0,2,   2.6207,2,  34.9030,2,      5.8,2
   3194.0,2,   2.6197,2,  34.9032,2,      5.8,2
   3196.0,2,   2.6180,2,  34.9033,2,      5.8,2
   3198.0,2,   2.6144,2,  34.9032,2,      5.8,2
   3200.0,2,   2.6104,2,  34.9025,2,      5.8,2
   3202.0,2,   2.6050,2,  34.9028,2,      5.8,2
   3204.0,2,   2.6006,2,  34.9021,2,      5.8,2
   3206.0,2,   2.5976,2,  34.9016,2,      5.8,2
   3208.0,2,   2.5934,2,  34.9010,2,      5.8,2
   3210.0,2,   2.5924,2,  34.9002,2,      5.8,2
   3212.0,2,   2.5924,2,  34.9009,2,      5.8,2
   3214.0,2,   2.5869,2,  34.9013,2,      5.8,2
   3216.0,2,   2.5810,2,  34.9005,2,      5.8,2
   3218.0,2,   2.5768,2,  34.8994,2,      5.8,2
   3220.0,2,   2.5724,2,  34.8991,2,      5.8,2
   3222.0,2,   2.5668,2,  34.8986,2,      5.8,2
   3224.0,2,   2.5636,2,  34.8980,2,      5.8,2
   3226.0,2,   2.5599,2,  34.8976,2,      5.8,2
   3228.0,2,   2.5531,2,  34.8975,2,      5.8,2
   3230.0,2,   2.5468,2,  34.8970,2,      5.8,2
   3232.0,2,   2.5450,2,  34.8972,2,      5.8,2
   3234.0,2,   2.5353,2,  34.8958,2,      5.8,2
   3236.0,2,   2.5298,2,  34.8950,2,      5.8,2
   3238.0,2,   2.5249,2,  34.8945,2,      5.7,2
   3240.0,2,   2.5208,2,  34.8944,2,      5.8,2
   3242.0,2,   2.5168,2,  34.8940,2,      5.8,2
   3244.0,2,   2.5150,2,  34.8934,2,      5.8,2
   3246.0,2,   2.5132,2,  34.8931,2,      5.8,2
   3248.0,2,   2.5076,2,  34.8925,2,      5.7,2
   3250.0,2,   2.5036,2,  34.8922,2,      5.7,2
   3252.0,2,   2.4999,2,  34.8922,2,      5.8,2
   3254.0,2,   2.4961,2,  34.8915,2,      5.8,2
   3256.0,2,   2.4922,2,  34.8906,2,      5.7,2
   3258.0,2,   2.4878,2,  34.8902,2,      5.7,2
   3260.0,2,   2.4784,2,  34.8902,2,      5.7,2
   3262.0,2,   2.4757,2,  34.8892,2,      5.7,2
   3264.0,2,   2.4748,2,  34.8889,2,      5.7,2
   3266.0,2,   2.4700,2,  34.8887,2,      5.7,2
   3268.0,2,   2.4631,2,  34.8882,2,      5.7,2
   3270.0,2,   2.4597,2,  34.8883,2,      5.7,2
   3272.0,2,   2.4584,2,  34.8878,2,      5.7,2
   3274.0,2,   2.4562,2,  34.8872,2,      5.7,2
   3276.0,2,   2.4548,2,  34.8867,2,      5.7,2
   3278.0,2,   2.4523,2,  34.8868,2,      5.7,2
   3280.0,2,   2.4439,2,  34.8862,2,      5.7,2
   3282.0,2,   2.4447,2,  34.8867,2,      5.7,2
   3284.0,2,   2.4290,2,  34.8852,2,      5.7,2
   3286.0,2,   2.4232,2,  34.8834,2,      5.7,2
   3288.0,2,   2.4185,2,  34.8835,2,      5.7,2
   3290.0,2,   2.4145,2,  34.8830,2,      5.7,2
   3292.0,2,   2.4032,2,  34.8830,2,      5.7,2
   3294.0,2,   2.3935,2,  34.8804,2,      5.7,2
   3296.0,2,   2.3853,2,  34.8797,2,      5.7,2
   3298.0,2,   2.3821,2,  34.8793,2,      5.7,2
   3300.0,2,   2.3826,2,  34.8795,2,      5.7,2
   3302.0,2,   2.3772,2,  34.8803,2,      5.7,2
   3304.0,2,   2.3648,2,  34.8774,2,      5.7,2
   3306.0,2,   2.3617,2,  34.8770,2,      5.7,2
   3308.0,2,   2.3563,2,  34.8769,2,      5.7,2
   3310.0,2,   2.3484,2,  34.8758,2,      5.7,2
   3312.0,2,   2.3424,2,  34.8759,2,      5.7,2
   3314.0,2,   2.3326,2,  34.8742,2,      5.7,2
   3316.0,2,   2.3254,2,  34.8736,2,      5.7,2
   3318.0,2,   2.3155,2,  34.8723,2,      5.7,2
   3320.0,2,   2.3131,2,  34.8719,2,      5.7,2
   3322.0,2,   2.3108,2,  34.8718,2,      5.7,2
   3324.0,2,   2.3056,2,  34.8717,2,      5.7,2
   3326.0,2,   2.2945,2,  34.8709,2,      5.7,2
   3328.0,2,   2.2825,2,  34.8690,2,      5.7,2
   3330.0,2,   2.2738,2,  34.8680,2,      5.7,2
   3332.0,2,   2.2641,2,  34.8675,2,      5.7,2
   3334.0,2,   2.2588,2,  34.8665,2,      5.7,2
   3336.0,2,   2.2515,2,  34.8657,2,      5.7,2
   3338.0,2,   2.2488,2,  34.8652,2,      5.6,2
   3340.0,2,   2.2448,2,  34.8647,2,      5.6,2
   3342.0,2,   2.2383,2,  34.8648,2,      5.6,2
   3344.0,2,   2.2316,2,  34.8642,2,      5.6,2
   3346.0,2,   2.2228,2,  34.8640,2,      5.6,2
   3348.0,2,   2.2158,2,  34.8624,2,      5.6,2
   3350.0,2,   2.2072,2,  34.8615,2,      5.6,2
   3352.0,2,   2.1836,2,  34.8593,2,      5.6,2
   3354.0,2,   2.1762,2,  34.8575,2,      5.6,2
   3356.0,2,   2.1728,2,  34.8568,2,      5.6,2
   3358.0,2,   2.1604,2,  34.8566,2,      5.6,2
   3360.0,2,   2.1431,2,  34.8543,2,      5.6,2
   3362.0,2,   2.1322,2,  34.8527,2,      5.6,2
   3364.0,2,   2.1225,2,  34.8513,2,      5.6,2
   3366.0,2,   2.1048,2,  34.8504,2,      5.6,2
   3368.0,2,   2.0952,2,  34.8482,2,      5.6,2
   3370.0,2,   2.0883,2,  34.8475,2,      5.6,2
   3372.0,2,   2.0745,2,  34.8471,2,      5.6,2
   3374.0,2,   2.0499,2,  34.8450,2,      5.6,2
   3376.0,2,   2.0395,2,  34.8421,2,      5.6,2
   3378.0,2,   2.0328,2,  34.8421,2,      5.6,2
   3380.0,2,   2.0136,2,  34.8409,2,      5.6,2
   3382.0,2,   2.0042,2,  34.8395,2,      5.6,2
   3384.0,2,   1.9977,2,  34.8391,2,      5.5,2
   3386.0,2,   1.9934,2,  34.8382,2,      5.5,2
   3388.0,2,   1.9937,2,  34.8383,2,      5.5,2
   3390.0,2,   1.9864,2,  34.8387,2,      5.5,2
   3392.0,2,   1.9792,2,  34.8379,2,      5.5,2
   3394.0,2,   1.9708,2,  34.8376,2,      5.5,2
   3396.0,2,   1.9453,2,  34.8373,2,      5.5,2
   3398.0,2,   1.9303,2,  34.8337,2,      5.5,2
   3400.0,2,   1.9240,2,  34.8321,2,      5.5,2
   3402.0,2,   1.9180,2,  34.8318,2,      5.5,2
   3404.0,2,   1.9068,2,  34.8309,2,      5.5,2
   3406.0,2,   1.9012,2,  34.8296,2,      5.5,2
   3408.0,2,   1.8961,2,  34.8291,2,      5.5,2
   3410.0,2,   1.8762,2,  34.8273,2,      5.5,2
   3412.0,2,   1.8496,2,  34.8252,2,      5.5,2
   3414.0,2,   1.8418,2,  34.8224,2,      5.5,2
   3416.0,2,   1.8373,2,  34.8221,2,      5.5,2
   3418.0,2,   1.8265,2,  34.8219,2,      5.5,2
   3420.0,2,   1.8110,2,  34.8209,2,      5.5,2
   3422.0,2,   1.7930,2,  34.8187,2,      5.5,2
   3424.0,2,   1.7742,2,  34.8175,2,      5.5,2
   3426.0,2,   1.7605,2,  34.8150,2,      5.5,2
   3428.0,2,   1.7475,2,  34.8137,2,      5.5,2
   3430.0,2,   1.7400,2,  34.8121,2,      5.5,2
   3432.0,2,   1.7248,2,  34.8107,2,      5.5,2
   3434.0,2,   1.7091,2,  34.8083,2,      5.5,2
   3436.0,2,   1.6939,2,  34.8064,2,      5.4,2
   3438.0,2,   1.6805,2,  34.8048,2,      5.4,2
   3440.0,2,   1.6714,2,  34.8025,2,      5.4,2
   3442.0,2,   1.6614,2,  34.8023,2,      5.4,2
   3444.0,2,   1.6525,2,  34.8007,2,      5.4,2
   3446.0,2,   1.6412,2,  34.7997,2,      5.4,2
   3448.0,2,   1.6323,2,  34.7985,2,      5.4,2
   3450.0,2,   1.6291,2,  34.7975,2,      5.4,2
   3452.0,2,   1.6239,2,  34.7974,2,      5.4,2
   3454.0,2,   1.6087,2,  34.7963,2,      5.4,2
   3456.0,2,   1.5914,2,  34.7937,2,      5.4,2
   3458.0,2,   1.5789,2,  34.7927,2,      5.4,2
   3460.0,2,   1.5449,2,  34.7894,2,      5.3,2
   3462.0,2,   1.5366,2,  34.7863,2,      5.4,2
   3464.0,2,   1.5314,2,  34.7866,2,      5.3,2
   3466.0,2,   1.5281,2,  34.7853,2,      5.3,2
   3468.0,2,   1.5197,2,  34.7854,2,      5.3,2
   3470.0,2,   1.4998,2,  34.7841,2,      5.3,2
   3472.0,2,   1.4908,2,  34.7822,2,      5.3,2
   3474.0,2,   1.4845,2,  34.7813,2,      5.3,2
   3476.0,2,   1.4760,2,  34.7803,2,      5.3,2
   3478.0,2,   1.4656,2,  34.7793,2,      5.3,2
   3480.0,2,   1.4426,2,  34.7777,2,      5.3,2
   3482.0,2,   1.4331,2,  34.7743,2,      5.3,2
   3484.0,2,   1.4162,2,  34.7743,2,      5.3,2
   3486.0,2,   1.4048,2,  34.7717,2,      5.3,2
   3488.0,2,   1.3977,2,  34.7704,2,      5.3,2
   3490.0,2,   1.3897,2,  34.7705,2,      5.2,2
   3492.0,2,   1.3722,2,  34.7688,2,      5.2,2
   3494.0,2,   1.3646,2,  34.7670,2,      5.2,2
   3496.0,2,   1.3610,2,  34.7665,2,      5.2,2
   3498.0,2,   1.3502,2,  34.7663,2,      5.2,2
   3500.0,2,   1.3423,2,  34.7653,2,      5.2,2
   3502.0,2,   1.3393,2,  34.7645,2,      5.2,2
   3504.0,2,   1.3381,2,  34.7643,2,      5.2,2
   3506.0,2,   1.3383,2,  34.7654,2,      5.2,2
   3508.0,2,   1.3358,2,  34.7647,2,      5.2,2
   3510.0,2,   1.3259,2,  34.7651,2,      5.2,2
   3512.0,2,   1.3215,2,  34.7643,2,      5.2,2
   3514.0,2,   1.3119,2,  34.7643,2,      5.2,2
   3516.0,2,   1.3044,2,  34.7627,2,      5.2,2
   3518.0,2,   1.2882,2,  34.7629,2,      5.2,2
   3520.0,2,   1.2749,2,  34.7603,2,      5.2,2
   3522.0,2,   1.2653,2,  34.7589,2,      5.2,2
   3524.0,2,   1.2522,2,  34.7574,2,      5.2,2
   3526.0,2,   1.2403,2,  34.7557,2,      5.2,2
   3528.0,2,   1.2283,2,  34.7553,2,      5.2,2
   3530.0,2,   1.2228,2,  34.7536,2,      5.2,2
   3532.0,2,   1.2060,2,  34.7539,2,      5.2,2
   3534.0,2,   1.1851,2,  34.7521,2,      5.2,2
   3536.0,2,   1.1768,2,  34.7494,2,      5.2,2
   3538.0,2,   1.1586,2,  34.7486,2,      5.2,2
   3540.0,2,   1.1478,2,  34.7467,2,      5.2,2
   3542.0,2,   1.1433,2,  34.7455,2,      5.2,2
   3544.0,2,   1.1373,2,  34.7450,2,      5.1,2
   3546.0,2,   1.1284,2,  34.7447,2,      5.1,2
   3548.0,2,   1.1160,2,  34.7441,2,      5.1,2
   3550.0,2,   1.1114,2,  34.7430,2,      5.1,2
   3552.0,2,   1.1011,2,  34.7429,2,      5.1,2
   3554.0,2,   1.0949,2,  34.7418,2,      5.1,2
   3556.0,2,   1.0912,2,  34.7412,2,      5.1,2
   3558.0,2,   1.0880,2,  34.7406,2,      5.1,2
   3560.0,2,   1.0784,2,  34.7402,2,      5.1,2
   3562.0,2,   1.0613,2,  34.7387,2,      5.1,2
   3564.0,2,   1.0565,2,  34.7380,2,      5.1,2
   3566.0,2,   1.0488,2,  34.7377,2,      5.1,2
   3568.0,2,   1.0368,2,  34.7365,2,      5.1,2
   3570.0,2,   1.0240,2,  34.7349,2,      5.1,2
   3572.0,2,   1.0168,2,  34.7343,2,      5.1,2
   3574.0,2,   1.0003,2,  34.7326,2,      5.1,2
   3576.0,2,   0.9874,2,  34.7305,2,      5.1,2
   3578.0,2,   0.9791,2,  34.7299,2,      5.1,2
   3580.0,2,   0.9686,2,  34.7289,2,      5.1,2
   3582.0,2,   0.9580,2,  34.7278,2,      5.1,2
   3584.0,2,   0.9532,2,  34.7268,2,      5.1,2
   3586.0,2,   0.9524,2,  34.7264,2,      5.1,2
   3588.0,2,   0.9512,2,  34.7267,2,      5.1,2
   3590.0,2,   0.9486,2,  34.7265,2,      5.1,2
   3592.0,2,   0.9431,2,  34.7258,2,      5.1,2
   3594.0,2,   0.9411,2,  34.7258,2,      5.1,2
   3596.0,2,   0.9378,2,  34.7255,2,      5.1,2
   3598.0,2,   0.9308,2,  34.7252,2,      5.1,2
   3600.0,2,   0.9256,2,  34.7243,2,      5.1,2
   3602.0,2,   0.9217,2,  34.7242,2,      5.0,2
   3604.0,2,   0.9195,2,  34.7240,2,      5.0,2
   3606.0,2,   0.9097,2,  34.7241,2,      5.1,2
   3608.0,2,   0.8989,2,  34.7231,2,      5.0,2
   3610.0,2,   0.8953,2,  34.7222,2,      5.0,2
   3612.0,2,   0.8851,2,  34.7231,2,      5.0,2
   3614.0,2,   0.8778,2,  34.7219,2,      5.0,2
   3616.0,2,   0.8716,2,  34.7222,2,      5.1,2
   3618.0,2,   0.8619,2,  34.7220,2,      5.0,2
   3620.0,2,   0.8593,2,  34.7207,2,      5.0,2
   3622.0,2,   0.8546,2,  34.7208,2,      5.0,2
   3624.0,2,   0.8489,2,  34.7205,2,      5.0,2
   3626.0,2,   0.8463,2,  34.7201,2,      5.0,2
   3628.0,2,   0.8497,2,  34.7209,2,      5.0,2
   3630.0,2,   0.8550,2,  34.7232,2,      5.0,2
   3632.0,2,   0.8521,2,  34.7247,2,      5.0,2
   3634.0,2,   0.8377,2,  34.7227,2,      5.0,2
   3636.0,2,   0.8140,2,  34.7206,2,      5.0,2
   3638.0,2,   0.7952,2,  34.7163,2,      5.1,2
   3640.0,2,   0.7829,2,  34.7152,2,      5.1,2
   3642.0,2,   0.7734,2,  34.7144,2,      5.1,2
   3644.0,2,   0.7642,2,  34.7140,2,      5.1,2
   3646.0,2,   0.7597,2,  34.7128,2,      5.1,2
   3648.0,2,   0.7558,2,  34.7128,2,      5.1,2
   3650.0,2,   0.7465,2,  34.7126,2,      5.1,2
   3652.0,2,   0.7418,2,  34.7118,2,      5.1,2
   3654.0,2,   0.7355,2,  34.7111,2,      5.1,2
   3656.0,2,   0.7257,2,  34.7104,2,      5.1,2
   3658.0,2,   0.7172,2,  34.7091,2,      5.1,2
   3660.0,2,   0.7123,2,  34.7084,2,      5.0,2
   3662.0,2,   0.7072,2,  34.7084,2,      5.1,2
   3664.0,2,   0.7026,2,  34.7079,2,      5.1,2
   3666.0,2,   0.6992,2,  34.7076,2,      5.0,2
   3668.0,2,   0.6948,2,  34.7086,2,      5.0,2
   3670.0,2,   0.6896,2,  34.7080,2,      5.0,2
   3672.0,2,   0.6828,2,  34.7080,2,      5.0,2
   3674.0,2,   0.6736,2,  34.7070,2,      5.0,2
   3676.0,2,   0.6624,2,  34.7067,2,      5.0,2
   3678.0,2,   0.6432,2,  34.7045,2,      5.0,2
   3680.0,2,   0.6313,2,  34.7021,2,      5.0,2
   3682.0,2,   0.6262,2,  34.7012,2,      5.0,2
   3684.0,2,   0.6190,2,  34.7012,2,      5.0,2
   3686.0,2,   0.6067,2,  34.7004,2,      5.0,2
   3688.0,2,   0.6026,2,  34.6999,2,      5.0,2
   3690.0,2,   0.6018,2,  34.7001,2,      5.0,2
   3692.0,2,   0.5974,2,  34.7002,2,      5.0,2
   3694.0,2,   0.5908,2,  34.6993,2,      5.0,2
   3696.0,2,   0.5786,2,  34.6990,2,      5.0,2
   3698.0,2,   0.5718,2,  34.6980,2,      5.0,2
   3700.0,2,   0.5604,2,  34.6980,2,      5.0,2
   3702.0,2,   0.5486,2,  34.6972,2,      5.0,2
   3704.0,2,   0.5395,2,  34.6969,2,      5.0,2
   3706.0,2,   0.5255,2,  34.6960,2,      5.0,2
   3708.0,2,   0.5061,2,  34.6950,2,      5.0,2
   3710.0,2,   0.4872,2,  34.6930,2,      5.0,2
   3712.0,2,   0.4749,2,  34.6918,2,      5.0,2
   3714.0,2,   0.4699,2,  34.6908,2,      5.1,2
   3716.0,2,   0.4771,2,  34.6920,2,      5.0,2
   3718.0,2,   0.4699,2,  34.6939,2,      5.0,2
   3720.0,2,   0.4627,2,  34.6929,2,      5.0,2
   3722.0,2,   0.4579,2,  34.6922,2,      5.0,2
   3724.0,2,   0.4574,2,  34.6929,2,      5.0,2
   3726.0,2,   0.4553,2,  34.6926,2,      5.1,2
   3728.0,2,   0.4483,2,  34.6921,2,      5.0,2
   3730.0,2,   0.4289,2,  34.6909,2,      5.0,2
   3732.0,2,   0.4224,2,  34.6900,2,      5.0,2
   3734.0,2,   0.4169,2,  34.6900,2,      5.0,2
   3736.0,2,   0.4151,2,  34.6893,2,      5.1,2
   3738.0,2,   0.4087,2,  34.6895,2,      5.1,2
   3740.0,2,   0.3923,2,  34.6888,2,      5.0,2
   3742.0,2,   0.3894,2,  34.6868,2,      5.0,2
   3744.0,2,   0.3778,2,  34.6867,2,      5.0,2
   3746.0,2,   0.3683,2,  34.6863,2,      5.0,2
   3748.0,2,   0.3649,2,  34.6852,2,      5.1,2
   3750.0,2,   0.3634,2,  34.6853,2,      5.1,2
   3752.0,2,   0.3600,2,  34.6851,2,      5.1,2
   3754.0,2,   0.3486,2,  34.6852,2,      5.0,2
   3756.0,2,   0.3391,2,  34.6839,2,      5.1,2
   3758.0,2,   0.3353,2,  34.6833,2,      5.1,2
   3760.0,2,   0.3331,2,  34.6838,2,      5.1,2
   3762.0,2,   0.3310,2,  34.6830,2,      5.1,2
   3764.0,2,   0.3278,2,  34.6825,2,      5.1,2
   3766.0,2,   0.3243,2,  34.6830,2,      5.0,2
   3768.0,2,   0.3218,2,  34.6829,2,      5.1,2
   3770.0,2,   0.3212,2,  34.6827,2,      5.1,2
   3772.0,2,   0.3193,2,  34.6825,2,      5.1,2
   3774.0,2,   0.3117,2,  34.6824,2,      5.1,2
   3776.0,2,   0.3054,2,  34.6814,2,      5.1,2
   3778.0,2,   0.3024,2,  34.6816,2,      5.1,2
   3780.0,2,   0.2968,2,  34.6816,2,      5.1,2
   3782.0,2,   0.2914,2,  34.6809,2,      5.1,2
   3784.0,2,   0.2909,2,  34.6808,2,      5.1,2
   3786.0,2,   0.2890,2,  34.6809,2,      5.1,2
   3788.0,2,   0.2823,2,  34.6803,2,      5.1,2
   3790.0,2,   0.2787,2,  34.6802,2,      5.1,2
   3792.0,2,   0.2714,2,  34.6803,2,      5.1,2
   3794.0,2,   0.2683,2,  34.6801,2,      5.1,2
   3796.0,2,   0.2597,2,  34.6786,2,      5.1,2
   3798.0,2,   0.2569,2,  34.6787,2,      5.1,2
   3800.0,2,   0.2550,2,  34.6789,2,      5.1,2
   3802.0,2,   0.2480,2,  34.6789,2,      5.1,2
   3804.0,2,   0.2472,2,  34.6781,2,      5.1,2
   3806.0,2,   0.2481,2,  34.6782,2,      5.1,2
   3808.0,2,   0.2479,2,  34.6773,2,      5.1,2
   3810.0,2,   0.2479,2,  34.6779,2,      5.1,2
   3812.0,2,   0.2474,2,  34.6781,2,      5.1,2
   3814.0,2,   0.2453,2,  34.6782,2,      5.1,2
   3816.0,2,   0.2348,2,  34.6774,2,      5.1,2
   3818.0,2,   0.2286,2,  34.6772,2,      5.1,2
   3820.0,2,   0.2281,2,  34.6768,2,      5.1,2
   3822.0,2,   0.2278,2,  34.6764,2,      5.1,2
   3824.0,2,   0.2269,2,  34.6766,2,      5.1,2
   3826.0,2,   0.2269,2,  34.6768,2,      5.1,2
   3828.0,2,   0.2265,2,  34.6767,2,      5.1,2
   3830.0,2,   0.2256,2,  34.6766,2,      5.1,2
   3832.0,2,   0.2234,2,  34.6766,2,      5.1,2
   3834.0,2,   0.2212,2,  34.6761,2,      5.1,2
   3836.0,2,   0.2192,2,  34.6764,2,      5.1,2
   3838.0,2,   0.2136,2,  34.6765,2,      5.1,2
   3840.0,2,   0.2127,2,  34.6761,2,      5.1,2
   3842.0,2,   0.2126,2,  34.6763,2,      5.1,2
   3844.0,2,   0.2074,2,  34.6762,2,      5.1,2
   3846.0,2,   0.1994,2,  34.6752,2,      5.1,2
   3848.0,2,   0.1980,2,  34.6748,2,      5.1,2
   3850.0,2,   0.1963,2,  34.6750,2,      5.1,2
   3852.0,2,   0.1938,2,  34.6744,2,      5.1,2
   3854.0,2,   0.1940,2,  34.6748,2,      5.1,2
   3856.0,2,   0.1920,2,  34.6749,2,      5.1,2
   3858.0,2,   0.1934,2,  34.6746,2,      5.1,2
   3860.0,2,   0.1914,2,  34.6746,2,      5.1,2
   3862.0,2,   0.1894,2,  34.6744,2,      5.1,2
   3864.0,2,   0.1889,2,  34.6743,2,      5.1,2
   3866.0,2,   0.1859,2,  34.6741,2,      5.1,2
   3868.0,2,   0.1825,2,  34.6740,2,      5.1,2
   3870.0,2,   0.1811,2,  34.6736,2,      5.1,2
   3872.0,2,   0.1797,2,  34.6738,2,      5.1,2
   3874.0,2,   0.1765,2,  34.6733,2,      5.0,2
END_DATA
